title,genres,year,clean_title,source,language
#FriendButMarried 2,biography,2020,friendbutmarried 2,Indo_Lama,Indo
4 Mantan,thriller,2020,4 mantan,Indo_Lama,Indo
Aku Tahu Kapan Kamu Mati,horror,2020,aku tahu kapan kamu mati,Indo_Lama,Indo
Anak Garuda,adventure,2020,anak garuda,Indo_Lama,Indo
Dignitate,drama,2020,dignitate,Indo_Lama,Indo
Guru-Guru Gokil,comedy,2020,guruguru gokil,Indo_Lama,Indo
Hunter in the Blue Side of Manchester,biography,2020,hunter in the blue side of manchester,Indo_Lama,English
Janin,horror,2020,janin,Indo_Lama,Indo
Mangkujiwo,horror,2020,mangkujiwo,Indo_Lama,Indo
Mariposa,drama,2020,mariposa,Indo_Lama,Indo
May the Devil Take You: Chapter Two,horror,2020,may the devil take you chapter two,Indo_Lama,English
Milea,drama,2020,milea,Indo_Lama,Indo
Nanti Kita Cerita Tentang Hari Ini,drama,2020,nanti kita cerita tentang hari ini,Indo_Lama,Indo
Nikah Yuk,drama,2020,nikah yuk,Indo_Lama,Indo
Rasuk 2,horror,2020,rasuk 2,Indo_Lama,Indo
Si Doel the Movie 3,drama,2020,si doel the movie 3,Indo_Lama,English
Surat dari Kematian,horror,2020,surat dari kematian,Indo_Lama,Indo
Temen Kondangan,comedy,2020,temen kondangan,Indo_Lama,Indo
Titus: Mystery of the Enygma,animation,2020,titus mystery of the enygma,Indo_Lama,English
Toko Barang Mantan,comedy,2020,toko barang mantan,Indo_Lama,Indo
#Malam Jumat: The Movie,horror,2019,malam jumat the movie,Indo_Lama,English
#MoveOnAja,comedy,2019,moveonaja,Indo_Lama,Indo
27 Steps of May,drama,2019,27 steps of may,Indo_Lama,English
99 Nama Cinta,drama,2019,99 nama cinta,Indo_Lama,Indo
Abracadabra,comedy,2019,abracadabra,Indo_Lama,Indo
After Met You,drama,2019,after met you,Indo_Lama,Indo
Ajari Aku Islam,drama,2019,ajari aku islam,Indo_Lama,Indo
Ambu,drama,2019,ambu,Indo_Lama,Indo
Anak Hoki,drama,2019,anak hoki,Indo_Lama,Indo
Anak Muda Palsu,comedy,2019,anak muda palsu,Indo_Lama,Indo
Antologi Rasa,drama,2019,antologi rasa,Indo_Lama,Indo
Arwah Noni Belanda,horror,2019,arwah noni belanda,Indo_Lama,Indo
Bebas,comedy,2019,bebas,Indo_Lama,Indo
Bike Boyz,comedy,2019,bike boyz,Indo_Lama,Indo
Bridezilla,comedy,2019,bridezilla,Indo_Lama,Indo
Bumi Itu Bulat,drama,2019,bumi itu bulat,Indo_Lama,Indo
Calon Bini,comedy,2019,calon bini,Indo_Lama,Indo
Danur 3: Sunyaruri,horror,2019,danur 3 sunyaruri,Indo_Lama,Indo
Darah Daging,action,2019,darah daging,Indo_Lama,Indo
Death Whisper,horror,2019,death whisper,Indo_Lama,Indo
Dilan 1991,drama,2019,dilan 1991,Indo_Lama,Indo
Doremi & You,drama,2019,doremi  you,Indo_Lama,Indo
DreadOut,adventure,2019,dreadout,Indo_Lama,Indo
Dua Garis Biru,drama,2019,dua garis biru,Indo_Lama,Indo
Eggnoid,drama,2019,eggnoid,Indo_Lama,Indo
Ghost Writer,comedy,2019,ghost writer,Indo_Lama,Indo
Gundala,action,2019,gundala,Indo_Lama,Indo
Habibie & Ainun 3,biography,2019,habibie  ainun 3,Indo_Lama,Indo
Hayya: The Power of Love 2,drama,2019,hayya the power of love 2,Indo_Lama,English
Hiruk-Pikuk Si Al-Kisah,drama,2019,hirukpikuk si alkisah,Indo_Lama,Indo
Hit & Run,action,2019,hit  run,Indo_Lama,Indo
Homecoming,drama,2019,homecoming,Indo_Lama,Indo
Horas Amang: Tiga Bulan Untuk Selamanya,comedy,2019,horas amang tiga bulan untuk selamanya,Indo_Lama,Indo
Humba Dreams,drama,2019,humba dreams,Indo_Lama,Indo
Ikut Aku ke Neraka,horror,2019,ikut aku ke neraka,Indo_Lama,Indo
Imperfect,comedy,2019,imperfect,Indo_Lama,Indo
Impetigore,drama,2019,impetigore,Indo_Lama,Indo
Iqro: My Universe,drama,2019,iqro my universe,Indo_Lama,Indo
Jeritan Malam,horror,2019,jeritan malam,Indo_Lama,Indo
"Kajeng Kliwon, Nightmare in Bali",horror,2019,kajeng kliwon nightmare in bali,Indo_Lama,English
Kapal Goyang Kapten,comedy,2019,kapal goyang kapten,Indo_Lama,Indo
Kelam,horror,2019,kelam,Indo_Lama,Indo
Kembalinya Anak Iblis,horror,2019,kembalinya anak iblis,Indo_Lama,Indo
Koboy Kampus,comedy,2019,koboy kampus,Indo_Lama,Indo
Koki-Koki Cilik 2,drama,2019,kokikoki cilik 2,Indo_Lama,Indo
Kuambil Lagi Hatiku,drama,2019,kuambil lagi hatiku,Indo_Lama,Indo
Kuntilanak 2,horror,2019,kuntilanak 2,Indo_Lama,Indo
Kutuk,horror,2019,kutuk,Indo_Lama,Indo
Lagi-Lagi Ateng,comedy,2019,lagilagi ateng,Indo_Lama,Indo
Lampor: Keranda Terbang,drama,2019,lampor keranda terbang,Indo_Lama,Indo
Laundry Show,comedy,2019,laundry show,Indo_Lama,Indo
Leak (Penangkeb),horror,2019,leak penangkeb,Indo_Lama,Indo
Lorong,horror,2019,lorong,Indo_Lama,Indo
Love Is Blind,comedy,2019,love is blind,Indo_Lama,Indo
Love for Sale 2,drama,2019,love for sale 2,Indo_Lama,Indo
Lukisan Ratu Kidul,horror,2019,lukisan ratu kidul,Indo_Lama,Indo
Mahasiswi Baru,comedy,2019,mahasiswi baru,Indo_Lama,Indo
Makmum,horror,2019,makmum,Indo_Lama,Indo
Mantan Manten,drama,2019,mantan manten,Indo_Lama,Indo
Mata Batin 2,drama,2019,mata batin 2,Indo_Lama,Indo
MatiAnak,horror,2019,matianak,Indo_Lama,Indo
Matt & Mou,comedy,2019,matt  mou,Indo_Lama,Indo
Mekah I'm Coming,comedy,2019,mekah im coming,Indo_Lama,Indo
MeloDylan,drama,2019,melodylan,Indo_Lama,Indo
Mendadak Kaya,comedy,2019,mendadak kaya,Indo_Lama,Indo
My Stupid Boss 2,adventure,2019,my stupid boss 2,Indo_Lama,Indo
Nightmare Side: Delusional,horror,2019,nightmare side delusional,Indo_Lama,Indo
Orang Kaya Baru,comedy,2019,orang kaya baru,Indo_Lama,Indo
PSP: Gaya Mahasiswa,comedy,2019,psp gaya mahasiswa,Indo_Lama,Indo
Pariban: Idola dari Tanah Jawa,comedy,2019,pariban idola dari tanah jawa,Indo_Lama,Indo
Perjanjian dengan Iblis,horror,2019,perjanjian dengan iblis,Indo_Lama,Indo
Pintu Merah,horror,2019,pintu merah,Indo_Lama,Indo
Pocong the Origin,adventure,2019,pocong the origin,Indo_Lama,English
Pohon Terkenal,drama,2019,pohon terkenal,Indo_Lama,Indo
Preman Pensiun,comedy,2019,preman pensiun,Indo_Lama,Indo
Pretty Boys,comedy,2019,pretty boys,Indo_Lama,Indo
Ratu Ilmu Hitam,horror,2019,ratu ilmu hitam,Indo_Lama,Indo
Rembulan Tenggelam di Wajahmu,drama,2019,rembulan tenggelam di wajahmu,Indo_Lama,Indo
Reva: Guna Guna,horror,2019,reva guna guna,Indo_Lama,Indo
Ritual,horror,2019,ritual,Indo_Lama,Indo
Roh Fasik,horror,2019,roh fasik,Indo_Lama,Indo
Roy Kiyoshi: The Untold Story,horror,2019,roy kiyoshi the untold story,Indo_Lama,English
Rumah Kentang: The Beginning,drama,2019,rumah kentang the beginning,Indo_Lama,English
Rumah Merah Putih,drama,2019,rumah merah putih,Indo_Lama,Indo
Rumput Tetangga,comedy,2019,rumput tetangga,Indo_Lama,Indo
Sabyan Menjemput Mimpi,drama,2019,sabyan menjemput mimpi,Indo_Lama,Indo
Satu Suro,horror,2019,satu suro,Indo_Lama,Indo
Say I Love You,drama,2019,say i love you,Indo_Lama,Indo
Sekte,horror,2019,sekte,Indo_Lama,Indo
Senior,drama,2019,senior,Indo_Lama,Indo
Si Doel the Movie 2,drama,2019,si doel the movie 2,Indo_Lama,English
Si Manis Jembatan Ancol,horror,2019,si manis jembatan ancol,Indo_Lama,Indo
Sin,drama,2019,sin,Indo_Lama,Indo
Single 2,comedy,2019,single 2,Indo_Lama,Indo
Susi Susanti: Love All,biography,2019,susi susanti love all,Indo_Lama,Indo
Tabu: Mengusik Gerbang Iblis,horror,2019,tabu mengusik gerbang iblis,Indo_Lama,Indo
Tembang Lingsir,horror,2019,tembang lingsir,Indo_Lama,Indo
Terimakasih Cinta,drama,2019,terimakasih cinta,Indo_Lama,Indo
Terlalu Tampan,comedy,2019,terlalu tampan,Indo_Lama,Indo
The Fugitive,drama,2019,the fugitive,Indo_Lama,English
The Sacred Riana: Beginning,horror,2019,the sacred riana beginning,Indo_Lama,English
The Santri,adventure,2019,the santri,Indo_Lama,English
The Way I Love You,drama,2019,the way i love you,Indo_Lama,English
This Earth of Mankind,drama,2019,this earth of mankind,Indo_Lama,English
Trinity Traveler,adventure,2019,trinity traveler,Indo_Lama,Indo
Twivortiare,drama,2019,twivortiare,Indo_Lama,Indo
Uka-Uka the Movie: Nini Tulang,horror,2019,ukauka the movie nini tulang,Indo_Lama,English
Warkop DKI Reborn 3,adventure,2019,warkop dki reborn 3,Indo_Lama,Indo
Wedding Agreement,drama,2019,wedding agreement,Indo_Lama,Indo
Yowis Ben 2,comedy,2019,yowis ben 2,Indo_Lama,Indo
Zeta: When the Dead Awaken,action,2019,zeta when the dead awaken,Indo_Lama,English
#FriendButMarried,biography,2018,friendbutmarried,Indo_Lama,Indo
13: The Haunted,horror,2018,13 the haunted,Indo_Lama,English
212: The Power of Love,drama,2018,212 the power of love,Indo_Lama,English
22 Menit,action,2018,22 menit,Indo_Lama,Indo
3 Dara 2,comedy,2018,3 dara 2,Indo_Lama,Indo
A Man Called Ahok,biography,2018,a man called ahok,Indo_Lama,English
Aib #Cyberbully,horror,2018,aib cyberbully,Indo_Lama,Indo
Alas Pati: Hutan Mati,adventure,2018,alas pati hutan mati,Indo_Lama,Indo
Ananta,comedy,2018,ananta,Indo_Lama,Indo
Arini,drama,2018,arini,Indo_Lama,Indo
Aruna & Lidahnya,drama,2018,aruna  lidahnya,Indo_Lama,Indo
Arwah Tumbal Nyai the Trilogy: Part Arwah,horror,2018,arwah tumbal nyai the trilogy part arwah,Indo_Lama,English
Arwah Tumbal Nyai the Trilogy: Part Nyai,horror,2018,arwah tumbal nyai the trilogy part nyai,Indo_Lama,English
Asal Kau Bahagia,drama,2018,asal kau bahagia,Indo_Lama,Indo
Asih,horror,2018,asih,Indo_Lama,Indo
Assalamualaikum Calon Imam,drama,2018,assalamualaikum calon imam,Indo_Lama,Indo
Ave Maryam,drama,2018,ave maryam,Indo_Lama,Indo
Baco Becce,comedy,2018,baco becce,Indo_Lama,Indo
Bayi Gaib: Bayi Tumbal Bayi Mati,horror,2018,bayi gaib bayi tumbal bayi mati,Indo_Lama,Indo
Belok Kanan Barcelona,adventure,2018,belok kanan barcelona,Indo_Lama,Indo
Benyamin Biang Kerok,comedy,2018,benyamin biang kerok,Indo_Lama,Indo
Bisikan Iblis,horror,2018,bisikan iblis,Indo_Lama,Indo
Bodyguard Ugal-Ugalan,comedy,2018,bodyguard ugalugalan,Indo_Lama,Indo
Buffalo Boys,action,2018,buffalo boys,Indo_Lama,Indo
Cinta sama dengan Cindolo Na Tape,comedy,2018,cinta sama dengan cindolo na tape,Indo_Lama,Indo
DOA (Doyok-Otoy-Ali Oncom): Cari Jodoh,comedy,2018,doa doyokotoyali oncom cari jodoh,Indo_Lama,Indo
Dancing in the Rain,drama,2018,dancing in the rain,Indo_Lama,English
Danur 2: Maddah,horror,2018,danur 2 maddah,Indo_Lama,Indo
Dear Nathan Hello Salma,drama,2018,dear nathan hello salma,Indo_Lama,Indo
Dilan 1990,drama,2018,dilan 1990,Indo_Lama,Indo
Dimsum Martabak,comedy,2018,dimsum martabak,Indo_Lama,Indo
Dongeng Mistis,horror,2018,dongeng mistis,Indo_Lama,Indo
Eiffel I'm in Love 2,drama,2018,eiffel im in love 2,Indo_Lama,English
Generasi Micin,comedy,2018,generasi micin,Indo_Lama,Indo
Gentayangan,horror,2018,gentayangan,Indo_Lama,Indo
Gila Lu Ndro,comedy,2018,gila lu ndro,Indo_Lama,Indo
Hanum & Rangga: Faith & The City,drama,2018,hanum  rangga faith  the city,Indo_Lama,English
Insya Allah Sah 2,action,2018,insya allah sah 2,Indo_Lama,Indo
Jaga Pocong,horror,2018,jaga pocong,Indo_Lama,Indo
Jailangkung 2,horror,2018,jailangkung 2,Indo_Lama,Indo
Jaran Goyang,horror,2018,jaran goyang,Indo_Lama,Indo
Jelita Sejuba: Mencintai Kesatria Negara,drama,2018,jelita sejuba mencintai kesatria negara,Indo_Lama,Indo
Kafir: Bersekutu dengan Setan,drama,2018,kafir bersekutu dengan setan,Indo_Lama,Indo
Keluarga Cemara,drama,2018,keluarga cemara,Indo_Lama,Indo
Kenapa Harus Bule?,drama,2018,kenapa harus bule,Indo_Lama,Indo
Kesempatan Kedu(d)a,comedy,2018,kesempatan keduda,Indo_Lama,Indo
Kisah Dua Jendela,drama,2018,kisah dua jendela,Indo_Lama,Indo
Koki-Koki Cilik,drama,2018,kokikoki cilik,Indo_Lama,Indo
Kucumbu Tubuh Indahku,drama,2018,kucumbu tubuh indahku,Indo_Lama,Indo
Kulari ke Pantai,adventure,2018,kulari ke pantai,Indo_Lama,Indo
Kuntilanak,comedy,2018,kuntilanak,Indo_Lama,Indo
Liam dan Laila,drama,2018,liam dan laila,Indo_Lama,Indo
Lima,drama,2018,lima,Indo_Lama,Indo
Love for Sale,drama,2018,love for sale,Indo_Lama,Indo
Mama Mama Jagoan,comedy,2018,mama mama jagoan,Indo_Lama,Indo
May the Devil Take You,horror,2018,may the devil take you,Indo_Lama,English
Meet Me After Sunset,drama,2018,meet me after sunset,Indo_Lama,Indo
Menunggu Pagi,drama,2018,menunggu pagi,Indo_Lama,Indo
Message Man,action,2018,message man,Indo_Lama,Indo
Milly & Mamet: Ini Bukan Cinta & Rangga,comedy,2018,milly  mamet ini bukan cinta  rangga,Indo_Lama,Indo
Moonrise Over Egypt,history,2018,moonrise over egypt,Indo_Lama,Indo
Pai kau,drama,2018,pai kau,Indo_Lama,Indo
Partikelir,action,2018,partikelir,Indo_Lama,Indo
Petualangan Menangkap Petir,drama,2018,petualangan menangkap petir,Indo_Lama,Indo
"R: Raja, Ratu, & Rahasia",drama,2018,r raja ratu  rahasia,Indo_Lama,Indo
Rasuk,horror,2018,rasuk,Indo_Lama,Indo
Reuni Z,comedy,2018,reuni z,Indo_Lama,Indo
Revan & Reina,drama,2018,revan  reina,Indo_Lama,Indo
Rompis,drama,2018,rompis,Indo_Lama,Indo
Rumah Belanda,horror,2018,rumah belanda,Indo_Lama,Indo
Sabrina,horror,2018,sabrina,Indo_Lama,Indo
Sajen,horror,2018,sajen,Indo_Lama,Indo
Sakral,horror,2018,sakral,Indo_Lama,Indo
Serendipity,drama,2018,serendipity,Indo_Lama,Indo
Sesat: Yang Sudah Pergi Jangan Dipanggil Lagi,horror,2018,sesat yang sudah pergi jangan dipanggil lagi,Indo_Lama,Indo
Sesuai Aplikasi,comedy,2018,sesuai aplikasi,Indo_Lama,Indo
Si Doel the Movie,drama,2018,si doel the movie,Indo_Lama,English
Siap Gan!,comedy,2018,siap gan,Indo_Lama,Indo
Silam,horror,2018,silam,Indo_Lama,Indo
Skull,action,2018,skull,Indo_Lama,Indo
Something in Between,drama,2018,something in between,Indo_Lama,English
"Sultan Agung: Tahta, Perjuangan, Cinta",action,2018,sultan agung tahta perjuangan cinta,Indo_Lama,Indo
Suzzanna: Bernapas dalam Kubur,comedy,2018,suzzanna bernapas dalam kubur,Indo_Lama,Indo
Target,comedy,2018,target,Indo_Lama,Indo
Terbang: Menembus Langit,biography,2018,terbang menembus langit,Indo_Lama,Indo
The Gift,drama,2018,the gift,Indo_Lama,English
The Night Comes for Us,action,2018,the night comes for us,Indo_Lama,English
The Perfect Husband,drama,2018,the perfect husband,Indo_Lama,English
The Returning,horror,2018,the returning,Indo_Lama,English
The Secret: Suster Ngesot Urban Legend,horror,2018,the secret suster ngesot urban legend,Indo_Lama,English
Tujuh Bidadari,horror,2018,tujuh bidadari,Indo_Lama,Indo
Tumbal: The Ritual,horror,2018,tumbal the ritual,Indo_Lama,English
Tusuk Jelangkung di Lubang Buaya,horror,2018,tusuk jelangkung di lubang buaya,Indo_Lama,Indo
Udah Putusin Aja!,drama,2018,udah putusin aja,Indo_Lama,Indo
Wahana Rumah Hantu,adventure,2018,wahana rumah hantu,Indo_Lama,Indo
Wiro Sableng 212,action,2018,wiro sableng 212,Indo_Lama,Indo
Yowis Ben,comedy,2018,yowis ben,Indo_Lama,Indo
12:06 Rumah Kucing,horror,2017,1206 rumah kucing,Indo_Lama,Indo
5 Cowok Jagoan,action,2017,5 cowok jagoan,Indo_Lama,Indo
"A: Aku, Benci, & Cinta",drama,2017,a aku benci  cinta,Indo_Lama,Indo
After School Horror 2,horror,2017,after school horror 2,Indo_Lama,Indo
Baracas: Barisan Anti Cinta Asmara,comedy,2017,baracas barisan anti cinta asmara,Indo_Lama,Indo
Berangkat!,comedy,2017,berangkat,Indo_Lama,Indo
Beyond Skyline,action,2017,beyond skyline,Indo_Lama,Indo
Bukaan 8,comedy,2017,bukaan 8,Indo_Lama,Indo
Chrisye,biography,2017,chrisye,Indo_Lama,Indo
Critical Eleven,drama,2017,critical eleven,Indo_Lama,Indo
Danur: I Can See Ghosts,horror,2017,danur i can see ghosts,Indo_Lama,Indo
Dear Nathan,drama,2017,dear nathan,Indo_Lama,Indo
Demi Cinta,comedy,2017,demi cinta,Indo_Lama,Indo
Duka Sedalam Cinta,drama,2017,duka sedalam cinta,Indo_Lama,Indo
Filosofi Kopi 2: Ben & Jody,adventure,2017,filosofi kopi 2 ben  jody,Indo_Lama,Indo
Galih dan Ratna,drama,2017,galih dan ratna,Indo_Lama,Indo
Gasing Tengkorak,horror,2017,gasing tengkorak,Indo_Lama,Indo
Hantu Gunung Kawi,horror,2017,hantu gunung kawi,Indo_Lama,Indo
Hujan Bulan Juni,drama,2017,hujan bulan juni,Indo_Lama,Indo
Insya Allah Sah,comedy,2017,insya allah sah,Indo_Lama,Indo
Jailangkung,horror,2017,jailangkung,Indo_Lama,Indo
Jomblo,comedy,2017,jomblo,Indo_Lama,Indo
KAILI: Karena Aku Ingin Kembali,drama,2017,kaili karena aku ingin kembali,Indo_Lama,Indo
Kartini,biography,2017,kartini,Indo_Lama,Indo
Keluarga Tak Kasat Mata,horror,2017,keluarga tak kasat mata,Indo_Lama,Indo
Labuan Hati,drama,2017,labuan hati,Indo_Lama,Indo
London Love Story 2,drama,2017,london love story 2,Indo_Lama,Indo
Mantan,drama,2017,mantan,Indo_Lama,Indo
Marlina the Murderer in Four Acts,drama,2017,marlina the murderer in four acts,Indo_Lama,English
Mars Met Venus (Part Cewe),comedy,2017,mars met venus part cewe,Indo_Lama,Indo
Mata Batin,drama,2017,mata batin,Indo_Lama,Indo
Mau Jadi Apa?,comedy,2017,mau jadi apa,Indo_Lama,Indo
Merah Putih Memanggil,action,2017,merah putih memanggil,Indo_Lama,Indo
Mereka Yang Tak Terlihat,horror,2017,mereka yang tak terlihat,Indo_Lama,Indo
Moammar Emka's Jakarta Undercover,drama,2017,moammar emkas jakarta undercover,Indo_Lama,Indo
Mooncake Story,drama,2017,mooncake story,Indo_Lama,Indo
My Generation,drama,2017,my generation,Indo_Lama,Indo
Night Bus,crime,2017,night bus,Indo_Lama,English
One Fine Day,drama,2017,one fine day,Indo_Lama,Indo
Perfect Dream,drama,2017,perfect dream,Indo_Lama,Indo
Pertaruhan,action,2017,pertaruhan,Indo_Lama,Indo
Petak Umpet Minako,horror,2017,petak umpet minako,Indo_Lama,Indo
Posesif,drama,2017,posesif,Indo_Lama,Indo
Rafathar,adventure,2017,rafathar,Indo_Lama,Indo
Ruqyah: The Exorcism,horror,2017,ruqyah the exorcism,Indo_Lama,English
Satan's Slaves,drama,2017,satans slaves,Indo_Lama,Indo
Satria Heroes: Revenge of the Darkness,action,2017,satria heroes revenge of the darkness,Indo_Lama,English
Satu Hari Nanti,drama,2017,satu hari nanti,Indo_Lama,Indo
Security Ugal-Ugalan,action,2017,security ugalugalan,Indo_Lama,Indo
Sekala Niskala,drama,2017,sekala niskala,Indo_Lama,Indo
Si Juki,animation,2017,si juki,Indo_Lama,Indo
Silariang the Movie,drama,2017,silariang the movie,Indo_Lama,English
Stip & Pensil,comedy,2017,stip  pensil,Indo_Lama,Indo
Suhu Beku: The Movie,drama,2017,suhu beku the movie,Indo_Lama,English
Surat Cinta Untuk Starla the Movie,drama,2017,surat cinta untuk starla the movie,Indo_Lama,English
Surat Kecil Untuk Tuhan,drama,2017,surat kecil untuk tuhan,Indo_Lama,Indo
Surau dan Silek,drama,2017,surau dan silek,Indo_Lama,Indo
Surga Yang Tak Dirindukan 2,drama,2017,surga yang tak dirindukan 2,Indo_Lama,Indo
Susah Sinyal,comedy,2017,susah sinyal,Indo_Lama,Indo
Sweet 20,comedy,2017,sweet 20,Indo_Lama,Indo
The Carousel Never Stops Turning,drama,2017,the carousel never stops turning,Indo_Lama,English
The Curse,horror,2017,the curse,Indo_Lama,English
The Doll 2,horror,2017,the doll 2,Indo_Lama,English
The Guys,comedy,2017,the guys,Indo_Lama,English
The Underdogs,comedy,2017,the underdogs,Indo_Lama,English
"Trinity, The Nekad Traveler",adventure,2017,trinity the nekad traveler,Indo_Lama,English
Ular Tangga,horror,2017,ular tangga,Indo_Lama,Indo
Valentine,action,2017,valentine,Indo_Lama,Indo
Verses of Love 2,drama,2017,verses of love 2,Indo_Lama,English
Wage,biography,2017,wage,Indo_Lama,Indo
Warkop DKI Reborn: Jangkrik Boss Part 2,adventure,2017,warkop dki reborn jangkrik boss part 2,Indo_Lama,English
3 Srikandi,biography,2016,3 srikandi,Indo_Lama,Indo
Aach... Aku Jatuh Cinta,drama,2016,aach aku jatuh cinta,Indo_Lama,Indo
Aku Ingin Ibu Pulang,drama,2016,aku ingin ibu pulang,Indo_Lama,Indo
Algojo: Perang Santet,action,2016,algojo perang santet,Indo_Lama,Indo
Bangkit!,action,2016,bangkit,Indo_Lama,Indo
Bulan Terbelah di Langit Amerika 2,adventure,2016,bulan terbelah di langit amerika 2,Indo_Lama,Indo
Catatan Dodol Calon Dokter,comedy,2016,catatan dodol calon dokter,Indo_Lama,Indo
Cek Toko Sebelah,comedy,2016,cek toko sebelah,Indo_Lama,Indo
Cinta Laki-Laki Biasa,drama,2016,cinta lakilaki biasa,Indo_Lama,Indo
Comic 8: Casino Kings Part 2,action,2016,comic 8 casino kings part 2,Indo_Lama,English
Dear Love,romance,2016,dear love,Indo_Lama,Indo
Emma' (Mother),drama,2016,emma mother,Indo_Lama,Indo
Firegate,adventure,2016,firegate,Indo_Lama,Indo
Hangout,comedy,2016,hangout,Indo_Lama,Indo
Headshot,action,2016,headshot,Indo_Lama,Indo
I Am Hope,drama,2016,i am hope,Indo_Lama,Indo
ILY from 38.000 Ft,drama,2016,ily from 38000 ft,Indo_Lama,Indo
Indera ke Enam,thriller,2016,indera ke enam,Indo_Lama,Indo
Ini Kisah Tiga Dara,drama,2016,ini kisah tiga dara,Indo_Lama,Indo
Iseng,drama,2016,iseng,Indo_Lama,Indo
Istirahatlah Kata-Kata,adventure,2016,istirahatlah katakata,Indo_Lama,Indo
Jagoan Instan,action,2016,jagoan instan,Indo_Lama,Indo
Jilbab Traveler: Love Sparks in Korea,drama,2016,jilbab traveler love sparks in korea,Indo_Lama,English
Jingga,drama,2016,jingga,Indo_Lama,Indo
Juara,action,2016,juara,Indo_Lama,Indo
Ketika Mas Gagah Pergi the Movie,drama,2016,ketika mas gagah pergi the movie,Indo_Lama,English
Koala Kumal,comedy,2016,koala kumal,Indo_Lama,Indo
Kurung Manuk (Bird Cage),sci-fi,2016,kurung manuk bird cage,Indo_Lama,Indo
London Love Story,drama,2016,london love story,Indo_Lama,Indo
Me vs. Mami,comedy,2016,me vs mami,Indo_Lama,Indo
Midnight Show,action,2016,midnight show,Indo_Lama,Indo
My Journey: Mencari Mata Air,adventure,2016,my journey mencari mata air,Indo_Lama,Indo
My Stupid Boss,comedy,2016,my stupid boss,Indo_Lama,Indo
Nyai: A Woman from Java,drama,2016,nyai a woman from java,Indo_Lama,English
Pesantren Impian,drama,2016,pesantren impian,Indo_Lama,Indo
Pinky Promise,comedy,2016,pinky promise,Indo_Lama,Indo
Rudy Habibie,biography,2016,rudy habibie,Indo_Lama,Indo
Rumah Malaikat,horror,2016,rumah malaikat,Indo_Lama,Indo
Sabtu Bersama Bapak,drama,2016,sabtu bersama bapak,Indo_Lama,Indo
Shy Shy Cat,comedy,2016,shy shy cat,Indo_Lama,Indo
Stay with Me,drama,2016,stay with me,Indo_Lama,Indo
Sundul Gan: The Story of Kaskus,biography,2016,sundul gan the story of kaskus,Indo_Lama,English
Sunya,drama,2016,sunya,Indo_Lama,Indo
Super Didi,comedy,2016,super didi,Indo_Lama,Indo
Surat Cinta Untuk Kartini,drama,2016,surat cinta untuk kartini,Indo_Lama,Indo
Surat dari Praha,drama,2016,surat dari praha,Indo_Lama,Indo
Talak 3,comedy,2016,talak 3,Indo_Lama,Indo
Tausiyah Cinta,romance,2016,tausiyah cinta,Indo_Lama,Indo
Terjebak Nostalgia,drama,2016,terjebak nostalgia,Indo_Lama,Indo
Terpana,drama,2016,terpana,Indo_Lama,Indo
The Doll,horror,2016,the doll,Indo_Lama,English
The Fabulous Udin,adventure,2016,the fabulous udin,Indo_Lama,English
The Professionals,action,2016,the professionals,Indo_Lama,English
The Promise,thriller,2016,the promise,Indo_Lama,English
The Window,drama,2016,the window,Indo_Lama,English
Triangle the Dark Side,action,2016,triangle the dark side,Indo_Lama,English
Turah,drama,2016,turah,Indo_Lama,Indo
Uang Panai' Maha(r)l,comedy,2016,uang panai maharl,Indo_Lama,Indo
Warkop DKI Reborn: Jangkrik Boss Part 1,adventure,2016,warkop dki reborn jangkrik boss part 1,Indo_Lama,English
What's Up with Love 2,drama,2016,whats up with love 2,Indo_Lama,Indo
Winter in Tokyo,romance,2016,winter in tokyo,Indo_Lama,English
Ziarah,drama,2016,ziarah,Indo_Lama,Indo
#66,action,2015,66,Indo_Lama,Indo
3 Dara,comedy,2015,3 dara,Indo_Lama,Indo
"3: Alif, Lam, Mim",action,2015,3 alif lam mim,Indo_Lama,Indo
A Copy of My Mind,drama,2015,a copy of my mind,Indo_Lama,English
About A Woman,drama,2015,about a woman,Indo_Lama,English
Ayat-Ayat Adinda,drama,2015,ayatayat adinda,Indo_Lama,Indo
Bulan Terbelah di Langit Amerika,adventure,2015,bulan terbelah di langit amerika,Indo_Lama,Indo
CJR the Movie: Lawan Rasa Takutmu,drama,2015,cjr the movie lawan rasa takutmu,Indo_Lama,English
Cai Lan Gong,horror,2015,cai lan gong,Indo_Lama,Indo
Cinta Selamanya,drama,2015,cinta selamanya,Indo_Lama,Indo
Clown of the Dead,horror,2015,clown of the dead,Indo_Lama,English
Comic 8: Casino Kings Part 1,action,2015,comic 8 casino kings part 1,Indo_Lama,English
Di Balik 98,drama,2015,di balik 98,Indo_Lama,Indo
Epen Cupen the Movie,comedy,2015,epen cupen the movie,Indo_Lama,English
Filosofi Kopi,drama,2015,filosofi kopi,Indo_Lama,Indo
Gangster,action,2015,gangster,Indo_Lama,Indo
Garuda Superhero,action,2015,garuda superhero,Indo_Lama,Indo
Guru Bangsa Tjokroaminoto,biography,2015,guru bangsa tjokroaminoto,Indo_Lama,Indo
Hijab,comedy,2015,hijab,Indo_Lama,Indo
Jendral Soedirman,action,2015,jendral soedirman,Indo_Lama,Indo
Kakak,horror,2015,kakak,Indo_Lama,Indo
Kapan Kawin?,comedy,2015,kapan kawin,Indo_Lama,Indo
Komedi Moderen Gokil,comedy,2015,komedi moderen gokil,Indo_Lama,Indo
Lily Bunga Terakhirku,drama,2015,lily bunga terakhirku,Indo_Lama,Indo
Love & Faith,biography,2015,love  faith,Indo_Lama,Indo
Love You... Love You Not,comedy,2015,love you love you not,Indo_Lama,Indo
Magic Hour,drama,2015,magic hour,Indo_Lama,Indo
Melancholy Is A Movement,drama,2015,melancholy is a movement,Indo_Lama,English
Mencari Hilal,adventure,2015,mencari hilal,Indo_Lama,Indo
Menuju Rembulan,drama,2015,menuju rembulan,Indo_Lama,Indo
Misterius,horror,2015,misterius,Indo_Lama,Indo
Nada Untuk Asa,drama,2015,nada untuk asa,Indo_Lama,Indo
Nay,drama,2015,nay,Indo_Lama,Indo
Negeri Van Oranje,adventure,2015,negeri van oranje,Indo_Lama,Indo
Ngenest,comedy,2015,ngenest,Indo_Lama,Indo
November 10th,animation,2015,november 10th,Indo_Lama,Indo
Pizza Man,action,2015,pizza man,Indo_Lama,Indo
Romeo + Rinjani,adventure,2015,romeo  rinjani,Indo_Lama,Indo
Sagarmatha,adventure,2015,sagarmatha,Indo_Lama,Indo
Single,comedy,2015,single,Indo_Lama,Indo
SkakMat,action,2015,skakmat,Indo_Lama,Indo
Sunshine Becomes You,comedy,2015,sunshine becomes you,Indo_Lama,Indo
Surga Yang Tak Dirindukan,drama,2015,surga yang tak dirindukan,Indo_Lama,Indo
Tarot,drama,2015,tarot,Indo_Lama,Indo
The Wedding & Bebek Betutu,comedy,2015,the wedding  bebek betutu,Indo_Lama,English
Toba Dreams,drama,2015,toba dreams,Indo_Lama,Indo
Train Station,crime,2015,train station,Indo_Lama,Indo
Turis Romantis,romance,2015,turis romantis,Indo_Lama,Indo
Tuyul: Part 1,horror,2015,tuyul part 1,Indo_Lama,English
Wewe,horror,2015,wewe,Indo_Lama,Indo
12 Menit,drama,2014,12 menit,Indo_Lama,Indo
2014,action,2014,2014,Indo_Lama,Indo
3 Nafas Likas,drama,2014,3 nafas likas,Indo_Lama,Indo
3600 Detik,drama,2014,3600 detik,Indo_Lama,Indo
7 Hari 24 Jam,drama,2014,7 hari 24 jam,Indo_Lama,Indo
99 Cahaya di Langit Eropa Part 2,adventure,2014,99 cahaya di langit eropa part 2,Indo_Lama,English
"Aku, Kau, & KUA",comedy,2014,aku kau  kua,Indo_Lama,Indo
Angker,horror,2014,angker,Indo_Lama,Indo
Assalamualaikum Beijing,drama,2014,assalamualaikum beijing,Indo_Lama,Indo
Bajaj Bajuri the Movie,action,2014,bajaj bajuri the movie,Indo_Lama,English
Cherrybelle: Crush,comedy,2014,cherrybelle crush,Indo_Lama,Indo
Comic 8,action,2014,comic 8,Indo_Lama,Indo
Danau Hitam,horror,2014,danau hitam,Indo_Lama,Indo
Guardian,action,2014,guardian,Indo_Lama,Indo
Haji Backpacker,adventure,2014,haji backpacker,Indo_Lama,Indo
Hijrah Cinta,biography,2014,hijrah cinta,Indo_Lama,Indo
Killers,action,2014,killers,Indo_Lama,Indo
Kukejar Cinta ke Negeri Cina,comedy,2014,kukejar cinta ke negeri cina,Indo_Lama,Indo
Legend of the East,action,2014,legend of the east,Indo_Lama,English
Malam Minggu Miko Movie,comedy,2014,malam minggu miko movie,Indo_Lama,Indo
Mall Klender,horror,2014,mall klender,Indo_Lama,Indo
Mari Lari,drama,2014,mari lari,Indo_Lama,Indo
Marmut Merah Jambu,comedy,2014,marmut merah jambu,Indo_Lama,Indo
Merry Riana: Mimpi Sejuta Dolar,biography,2014,merry riana mimpi sejuta dolar,Indo_Lama,Indo
My Idiot Brother,drama,2014,my idiot brother,Indo_Lama,Indo
Oo Nina Bobo,horror,2014,oo nina bobo,Indo_Lama,Indo
Pendekar Tongkat Emas,action,2014,pendekar tongkat emas,Indo_Lama,Indo
Remember When,drama,2014,remember when,Indo_Lama,Indo
Rumah Gurita,drama,2014,rumah gurita,Indo_Lama,Indo
Runaway,action,2014,runaway,Indo_Lama,Indo
"Selamat Pagi, Malam",drama,2014,selamat pagi malam,Indo_Lama,Indo
Siti,drama,2014,siti,Indo_Lama,Indo
Strawberry Surprise,drama,2014,strawberry surprise,Indo_Lama,Indo
Street Society,action,2014,street society,Indo_Lama,Indo
Suka-Suka Super 7: Habis Gelap Menuju Terang,drama,2014,sukasuka super 7 habis gelap menuju terang,Indo_Lama,Indo
Supernova,drama,2014,supernova,Indo_Lama,Indo
Tabula Rasa,drama,2014,tabula rasa,Indo_Lama,Indo
Tak Kemal Maka Tak Sayang,comedy,2014,tak kemal maka tak sayang,Indo_Lama,Indo
The Raid 2,action,2014,the raid 2,Indo_Lama,English
"The Sun, the Moon, & the Hurricane",drama,2014,the sun the moon  the hurricane,Indo_Lama,English
Unlimited Love,drama,2014,unlimited love,Indo_Lama,Indo
Viva JKT48,comedy,2014,viva jkt48,Indo_Lama,Indo
We Are Moluccans,biography,2014,we are moluccans,Indo_Lama,Indo
308,horror,2013,308,Indo_Lama,Indo
9 Summers 10 Autumns,biography,2013,9 summers 10 autumns,Indo_Lama,Indo
99 Cahaya di Langit Eropa,adventure,2013,99 cahaya di langit eropa,Indo_Lama,Indo
After the Dark,drama,2013,after the dark,Indo_Lama,English
Air Mata Terakhir Bunda,drama,2013,air mata terakhir bunda,Indo_Lama,Indo
Air Terjun Pengantin Phuket,horror,2013,air terjun pengantin phuket,Indo_Lama,Indo
Bangun Lagi Dong Lupus,comedy,2013,bangun lagi dong lupus,Indo_Lama,Indo
Berlian Si Etty,comedy,2013,berlian si etty,Indo_Lama,Indo
Cinta Brontosaurus,comedy,2013,cinta brontosaurus,Indo_Lama,Indo
Cinta Dalam Kardus,comedy,2013,cinta dalam kardus,Indo_Lama,Indo
Cinta dari Wamena,drama,2013,cinta dari wamena,Indo_Lama,Indo
Cinta/Mati,drama,2013,cintamati,Indo_Lama,Indo
Coboy Junior: The Movie,drama,2013,coboy junior the movie,Indo_Lama,English
Crazy Love,romance,2013,crazy love,Indo_Lama,Indo
Eyang Kubur,comedy,2013,eyang kubur,Indo_Lama,Indo
Finding Srimulat,comedy,2013,finding srimulat,Indo_Lama,Indo
Gending Sriwijaya,action,2013,gending sriwijaya,Indo_Lama,Indo
Get M4rried,comedy,2013,get m4rried,Indo_Lama,Indo
Hari Ini Pasti Menang,action,2013,hari ini pasti menang,Indo_Lama,Indo
Hasduk Berpola,drama,2013,hasduk berpola,Indo_Lama,Indo
Honeymoon,comedy,2013,honeymoon,Indo_Lama,Indo
Java Heat,action,2013,java heat,Indo_Lama,Indo
Jokowi,biography,2013,jokowi,Indo_Lama,Indo
KM 97,horror,2013,km 97,Indo_Lama,Indo
Kemasukan Setan,horror,2013,kemasukan setan,Indo_Lama,Indo
Kembalinya Nenek Gayung,comedy,2013,kembalinya nenek gayung,Indo_Lama,Indo
Kisah 3 Titik,drama,2013,kisah 3 titik,Indo_Lama,Indo
La tahzan,drama,2013,la tahzan,Indo_Lama,Indo
Laskar Pelangi Sekuel 2: Edensor,drama,2013,laskar pelangi sekuel 2 edensor,Indo_Lama,Indo
Laura & Marsha,drama,2013,laura  marsha,Indo_Lama,Indo
Madre,drama,2013,madre,Indo_Lama,Indo
Manusia Setengah Salmon,comedy,2013,manusia setengah salmon,Indo_Lama,Indo
Mika,drama,2013,mika,Indo_Lama,Indo
Misteri Cipularang,horror,2013,misteri cipularang,Indo_Lama,Indo
Moga Bunda Disayang Allah,drama,2013,moga bunda disayang allah,Indo_Lama,Indo
Mursala,drama,2013,mursala,Indo_Lama,Indo
Operation Wedding,comedy,2013,operation wedding,Indo_Lama,Indo
Pokun Roxy,comedy,2013,pokun roxy,Indo_Lama,Indo
Rectoverso,drama,2013,rectoverso,Indo_Lama,Indo
Refrain,drama,2013,refrain,Indo_Lama,Indo
Rocket Rain,drama,2013,rocket rain,Indo_Lama,Indo
Romantini,drama,2013,romantini,Indo_Lama,Indo
Salisiah Adaik,drama,2013,salisiah adaik,Indo_Lama,Indo
Sang Kiai,action,2013,sang kiai,Indo_Lama,Indo
Sang Pialang,drama,2013,sang pialang,Indo_Lama,Indo
Soekarno: Indonesia Merdeka,biography,2013,soekarno indonesia merdeka,Indo_Lama,Indo
Sokola Rimba,biography,2013,sokola rimba,Indo_Lama,Indo
Someone's Wife in the Boat of Someone's Husband,drama,2013,someones wife in the boat of someones husband,Indo_Lama,English
Something in the Way,drama,2013,something in the way,Indo_Lama,English
Sule Detektif Tokek,comedy,2013,sule detektif tokek,Indo_Lama,Indo
Tak Sempurna,action,2013,tak sempurna,Indo_Lama,Indo
Tampan Tailor,drama,2013,tampan tailor,Indo_Lama,Indo
The Empire's Throne,action,2013,the empires throne,Indo_Lama,English
The Sinking of Van Der Wijck,drama,2013,the sinking of van der wijck,Indo_Lama,English
True Heart,action,2013,true heart,Indo_Lama,Indo
V/H/S/2,horror,2013,vhs2,Indo_Lama,Indo
Wanita Tetap Wanita,drama,2013,wanita tetap wanita,Indo_Lama,Indo
Yang tidak dibicarakan ketika membicarakan cinta,drama,2013,yang tidak dibicarakan ketika membicarakan cinta,Indo_Lama,Indo
18++: Forever Love,drama,2012,18 forever love,Indo_Lama,Indo
3 Pocong Idiot,comedy,2012,3 pocong idiot,Indo_Lama,Indo
5 cm,adventure,2012,5 cm,Indo_Lama,Indo
Ambilkan Bulan,drama,2012,ambilkan bulan,Indo_Lama,Indo
Atambua 39Â° Celsius,drama,2012,atambua 39 celsius,Indo_Lama,Indo
Bangkit dari Kubur,horror,2012,bangkit dari kubur,Indo_Lama,Indo
Bangkitnya Suster Gepeng,horror,2012,bangkitnya suster gepeng,Indo_Lama,Indo
Belenggu,horror,2012,belenggu,Indo_Lama,Indo
Bidadari-Bidadari Surga,drama,2012,bidadaribidadari surga,Indo_Lama,Indo
Bila,drama,2012,bila,Indo_Lama,Indo
Brandal-Brandal Ciliwung,drama,2012,brandalbrandal ciliwung,Indo_Lama,Indo
BrokenHearts,drama,2012,brokenhearts,Indo_Lama,Indo
Cherrybelle: Love Is U,drama,2012,cherrybelle love is u,Indo_Lama,Indo
Cinta Suci Zahrana,drama,2012,cinta suci zahrana,Indo_Lama,Indo
Cinta Tapi Beda,drama,2012,cinta tapi beda,Indo_Lama,Indo
Cinta di Saku Celana,comedy,2012,cinta di saku celana,Indo_Lama,Indo
Cita-Citaku Setinggi Tanah,drama,2012,citacitaku setinggi tanah,Indo_Lama,Indo
Demi Ucok,drama,2012,demi ucok,Indo_Lama,Indo
Dendam dari Kuburan,horror,2012,dendam dari kuburan,Indo_Lama,Indo
Di Timur Matahari,drama,2012,di timur matahari,Indo_Lama,Indo
Enak Sama Enak,comedy,2012,enak sama enak,Indo_Lama,Indo
Fallin' in Love,drama,2012,fallin in love,Indo_Lama,English
Habibie & Ainun,biography,2012,habibie  ainun,Indo_Lama,Indo
Hattrick,action,2012,hattrick,Indo_Lama,Indo
Hello Goodbye,drama,2012,hello goodbye,Indo_Lama,Indo
Hi5teria,horror,2012,hi5teria,Indo_Lama,Indo
I Love You Masbro,drama,2012,i love you masbro,Indo_Lama,Indo
Jenderal Kancil: The Movie,comedy,2012,jenderal kancil the movie,Indo_Lama,English
Kafan Sundel Bolong,horror,2012,kafan sundel bolong,Indo_Lama,Indo
Kakek Cangkul,comedy,2012,kakek cangkul,Indo_Lama,Indo
Kebun Binatang,drama,2012,kebun binatang,Indo_Lama,Indo
Keumala,drama,2012,keumala,Indo_Lama,Indo
Kung Fu Pocong Perawan,comedy,2012,kung fu pocong perawan,Indo_Lama,Indo
Kuntilanak-Kuntilanak,horror,2012,kuntilanakkuntilanak,Indo_Lama,Indo
Kutukan Arwah Santet,horror,2012,kutukan arwah santet,Indo_Lama,Indo
Loe Gue End,drama,2012,loe gue end,Indo_Lama,Indo
Malaikat Tanpa Sayap,drama,2012,malaikat tanpa sayap,Indo_Lama,Indo
Mama Cake,comedy,2012,mama cake,Indo_Lama,Indo
Mata Tertutup,drama,2012,mata tertutup,Indo_Lama,Indo
Misteri Pasar Kaget,drama,2012,misteri pasar kaget,Indo_Lama,Indo
Mother Keder: Emakku Ajaib Bener,comedy,2012,mother keder emakku ajaib bener,Indo_Lama,Indo
My Last Love,drama,2012,my last love,Indo_Lama,Indo
Negeri 5 Menara,adventure,2012,negeri 5 menara,Indo_Lama,Indo
Nenek Gayung,comedy,2012,nenek gayung,Indo_Lama,Indo
Pacarku Kuntilanak Kembar,horror,2012,pacarku kuntilanak kembar,Indo_Lama,Indo
Parts of the Heart,drama,2012,parts of the heart,Indo_Lama,English
Perahu Kertas,drama,2012,perahu kertas,Indo_Lama,Indo
Perahu Kertas 2,drama,2012,perahu kertas 2,Indo_Lama,Indo
Petualangan Singa Pemberani,animation,2012,petualangan singa pemberani,Indo_Lama,Indo
Pulau Hantu 3,horror,2012,pulau hantu 3,Indo_Lama,Indo
Radio Galau FM,comedy,2012,radio galau fm,Indo_Lama,Indo
"Rayya, Cahaya di Atas Cahaya",drama,2012,rayya cahaya di atas cahaya,Indo_Lama,Indo
Republik Twitter,drama,2012,republik twitter,Indo_Lama,Indo
Rumah Bekas Kuburan,horror,2012,rumah bekas kuburan,Indo_Lama,Indo
Rumah Hantu Pasar Malam,horror,2012,rumah hantu pasar malam,Indo_Lama,Indo
Rumah Kentang,horror,2012,rumah kentang,Indo_Lama,Indo
Rumah dan Musim Hujan,comedy,2012,rumah dan musim hujan,Indo_Lama,Indo
Rumah di Seribu Ombak,drama,2012,rumah di seribu ombak,Indo_Lama,Indo
Sampai Ujung Dunia,drama,2012,sampai ujung dunia,Indo_Lama,Indo
Sang Martir,drama,2012,sang martir,Indo_Lama,Indo
Santet Kuntilanak,horror,2012,santet kuntilanak,Indo_Lama,Indo
Sanubari Jakarta,drama,2012,sanubari jakarta,Indo_Lama,Indo
Seandainya,drama,2012,seandainya,Indo_Lama,Indo
Soegija,biography,2012,soegija,Indo_Lama,Indo
"Sule, Ay Need You",comedy,2012,sule ay need you,Indo_Lama,Indo
Tali Pocong Perawan 2,horror,2012,tali pocong perawan 2,Indo_Lama,Indo
Tanah Surga... Katanya,drama,2012,tanah surga katanya,Indo_Lama,Indo
Test Pack,comedy,2012,test pack,Indo_Lama,Indo
The Witness,drama,2012,the witness,Indo_Lama,English
Toilet Blues,drama,2012,toilet blues,Indo_Lama,Indo
Ummi Aminah,drama,2012,ummi aminah,Indo_Lama,Indo
Vakansi yang Janggal dan Penyakit Lainnya,drama,2012,vakansi yang janggal dan penyakit lainnya,Indo_Lama,Indo
Xia aimei,drama,2012,xia aimei,Indo_Lama,Indo
13 Cara Memanggil Setan,horror,2011,13 cara memanggil setan,Indo_Lama,Indo
Ada Apa dengan Pocong?,comedy,2011,ada apa dengan pocong,Indo_Lama,Indo
Akibat Pergaulan Bebas 2,drama,2011,akibat pergaulan bebas 2,Indo_Lama,Indo
Anakluh,drama,2011,anakluh,Indo_Lama,Indo
Arisan! 2,comedy,2011,arisan 2,Indo_Lama,Indo
Arwah Goyang Karawang,comedy,2011,arwah goyang karawang,Indo_Lama,Indo
Arwah Kuntilanak Duyung,comedy,2011,arwah kuntilanak duyung,Indo_Lama,Indo
"Ayah, Mengapa Aku Berbeda?",drama,2011,ayah mengapa aku berbeda,Indo_Lama,Indo
Badai di Ujung Negeri,adventure,2011,badai di ujung negeri,Indo_Lama,Indo
Baik-Baik Sayang,drama,2011,baikbaik sayang,Indo_Lama,Indo
Batas,drama,2011,batas,Indo_Lama,Indo
Belkibolang,drama,2011,belkibolang,Indo_Lama,Indo
Bukan Pocong Biasa,comedy,2011,bukan pocong biasa,Indo_Lama,Indo
Catatan (Harian) Si Boy,action,2011,catatan harian si boy,Indo_Lama,Indo
Cewek Gokil,comedy,2011,cewek gokil,Indo_Lama,Indo
Cewek Saweran,drama,2011,cewek saweran,Indo_Lama,Indo
Cowok Bikin Pusing,drama,2011,cowok bikin pusing,Indo_Lama,Indo
Dedemit Gunung Kidul,horror,2011,dedemit gunung kidul,Indo_Lama,Indo
Di Bawah Lindungan Ka'bah,drama,2011,di bawah lindungan kabah,Indo_Lama,Indo
Dilema,crime,2011,dilema,Indo_Lama,Indo
Enter the Hamster,action,2011,enter the hamster,Indo_Lama,English
Garuda di Dadaku 2,drama,2011,garuda di dadaku 2,Indo_Lama,Indo
Get Married 3,comedy,2011,get married 3,Indo_Lama,Indo
Hafalan Shalat Delisa,drama,2011,hafalan shalat delisa,Indo_Lama,Indo
Jenglot Pantai Selatan,horror,2011,jenglot pantai selatan,Indo_Lama,Indo
Kalung Jailangkung,horror,2011,kalung jailangkung,Indo_Lama,Indo
Kehormatan di Balik Kerudung,drama,2011,kehormatan di balik kerudung,Indo_Lama,Indo
Kejarlah Jodoh Kau Kutangkap,comedy,2011,kejarlah jodoh kau kutangkap,Indo_Lama,Indo
Kentut,comedy,2011,kentut,Indo_Lama,Indo
Kepergok Pocong,comedy,2011,kepergok pocong,Indo_Lama,Indo
Keranda Kuntilanak,comedy,2011,keranda kuntilanak,Indo_Lama,Indo
Khalifah,drama,2011,khalifah,Indo_Lama,Indo
Kuntilanak Kesurupan,comedy,2011,kuntilanak kesurupan,Indo_Lama,Indo
Langit Biru,drama,2011,langit biru,Indo_Lama,Indo
Laut Bercermin,drama,2011,laut bercermin,Indo_Lama,Indo
Lima Elang,family,2011,lima elang,Indo_Lama,Indo
Lost in Papua,adventure,2011,lost in papua,Indo_Lama,English
Love Story,drama,2011,love story,Indo_Lama,Indo
Lovely Man,drama,2011,lovely man,Indo_Lama,Indo
Masih Bukan Cinta Biasa,drama,2011,masih bukan cinta biasa,Indo_Lama,Indo
Mati Muda di Pelukan Janda,comedy,2011,mati muda di pelukan janda,Indo_Lama,Indo
Milli & Nathan,drama,2011,milli  nathan,Indo_Lama,Indo
Misteri Hantu Selular,horror,2011,misteri hantu selular,Indo_Lama,Indo
Mortal Enemies,action,2011,mortal enemies,Indo_Lama,Indo
My Blackberry Girlfriend,comedy,2011,my blackberry girlfriend,Indo_Lama,Indo
Oh Tidak..!,comedy,2011,oh tidak,Indo_Lama,Indo
Pacar Hantu Perawan,comedy,2011,pacar hantu perawan,Indo_Lama,Indo
Pelet Kuntilanak,horror,2011,pelet kuntilanak,Indo_Lama,Indo
Pelukan Janda Hantu Gerondong,horror,2011,pelukan janda hantu gerondong,Indo_Lama,Indo
Pengejar Angin,drama,2011,pengejar angin,Indo_Lama,Indo
PerempuanÂ² Liar,comedy,2011,perempuan liar,Indo_Lama,Indo
Pocong Kesetanan!,comedy,2011,pocong kesetanan,Indo_Lama,Indo
Pocong Mandi Goyang Pinggul,comedy,2011,pocong mandi goyang pinggul,Indo_Lama,Indo
Pocong Minta Kawin,comedy,2011,pocong minta kawin,Indo_Lama,Indo
Pocong Ngesot,comedy,2011,pocong ngesot,Indo_Lama,Indo
Poconggg Juga Pocong,comedy,2011,poconggg juga pocong,Indo_Lama,Indo
Pupus,drama,2011,pupus,Indo_Lama,Indo
Purple Love,drama,2011,purple love,Indo_Lama,Indo
Red and White III: Hearts of Freedom,action,2011,red and white iii hearts of freedom,Indo_Lama,English
Rumah Tanpa Jendela,drama,2011,rumah tanpa jendela,Indo_Lama,Indo
Sajadah Ka'bah,action,2011,sajadah kabah,Indo_Lama,Indo
Sang Penari,drama,2011,sang penari,Indo_Lama,Indo
Semesta Mendukung,drama,2011,semesta mendukung,Indo_Lama,Indo
Serdadu Kumbang,drama,2011,serdadu kumbang,Indo_Lama,Indo
Setannya Kok Masih Ada,comedy,2011,setannya kok masih ada,Indo_Lama,Indo
Skandal,drama,2011,skandal,Indo_Lama,Indo
Suster Keramas 2,comedy,2011,suster keramas 2,Indo_Lama,Indo
Tanda Tanya,drama,2011,tanda tanya,Indo_Lama,Indo
Tarung: City of the Darkness,action,2011,tarung city of the darkness,Indo_Lama,English
Tebus,crime,2011,tebus,Indo_Lama,Indo
Tendangan dari Langit,drama,2011,tendangan dari langit,Indo_Lama,Indo
The Mentalist,action,2011,the mentalist,Indo_Lama,English
The Perfect House,thriller,2011,the perfect house,Indo_Lama,English
The Raid: Redemption,action,2011,the raid redemption,Indo_Lama,English
The Tarix Jabrix 3,comedy,2011,the tarix jabrix 3,Indo_Lama,English
Tumbal Jailangkung,horror,2011,tumbal jailangkung,Indo_Lama,Indo
Virgin 3: Satu Malam Mengubah Segalanya,drama,2011,virgin 3 satu malam mengubah segalanya,Indo_Lama,Indo
18+,drama,2010,18,Indo_Lama,Indo
"3 Hati, Dua Dunia, Satu Cinta",comedy,2010,3 hati dua dunia satu cinta,Indo_Lama,Indo
3 Pejantan Tanggung,comedy,2010,3 pejantan tanggung,Indo_Lama,Indo
"7 Hati, 7 Cinta, 7 Wanita",drama,2010,7 hati 7 cinta 7 wanita,Indo_Lama,Indo
Affair,horror,2010,affair,Indo_Lama,Indo
Akibat Pergaulan Bebas,drama,2010,akibat pergaulan bebas,Indo_Lama,Indo
Aku atau Dia?,comedy,2010,aku atau dia,Indo_Lama,Indo
Alangkah Lucunya (Negeri Ini),comedy,2010,alangkah lucunya negeri ini,Indo_Lama,Indo
Arisan Brondong,comedy,2010,arisan brondong,Indo_Lama,Indo
Bebek Belur,comedy,2010,bebek belur,Indo_Lama,Indo
Belum Cukup Umur,drama,2010,belum cukup umur,Indo_Lama,Indo
"Cin... Tetangga Gue, Kuntilanak!",comedy,2010,cin tetangga gue kuntilanak,Indo_Lama,Indo
Cinta 2 Hati,drama,2010,cinta 2 hati,Indo_Lama,Indo
Dalam Mihrab Cinta,drama,2010,dalam mihrab cinta,Indo_Lama,Indo
Dawai 2 Asmara,comedy,2010,dawai 2 asmara,Indo_Lama,Indo
Demi Dewi,drama,2010,demi dewi,Indo_Lama,Indo
Dendam Pocong Mupeng,horror,2010,dendam pocong mupeng,Indo_Lama,Indo
Di Dasar Segalanya,drama,2010,di dasar segalanya,Indo_Lama,Indo
Gaby dan Lagunya,drama,2010,gaby dan lagunya,Indo_Lama,Indo
Hantu Puncak Datang Bulan,comedy,2010,hantu puncak datang bulan,Indo_Lama,Indo
Hantu Tanah Kusir,horror,2010,hantu tanah kusir,Indo_Lama,Indo
Hari Untuk Amanda,drama,2010,hari untuk amanda,Indo_Lama,Indo
Heart 2 Heart,drama,2010,heart 2 heart,Indo_Lama,Indo
I Know What You Did on Facebook,comedy,2010,i know what you did on facebook,Indo_Lama,Indo
Istri Bo'ongan,drama,2010,istri boongan,Indo_Lama,Indo
Jakarta Maghrib,drama,2010,jakarta maghrib,Indo_Lama,Indo
Jejak Darah,horror,2010,jejak darah,Indo_Lama,Indo
Jinx,comedy,2010,jinx,Indo_Lama,Indo
Kabayan Jadi Milyuner,comedy,2010,kabayan jadi milyuner,Indo_Lama,Indo
Kain Kafan Perawan,horror,2010,kain kafan perawan,Indo_Lama,Indo
Laskar Pemimpi,comedy,2010,laskar pemimpi,Indo_Lama,Indo
"Lihat Boleh, Pegang Jangan",comedy,2010,lihat boleh pegang jangan,Indo_Lama,Indo
London Virginia,comedy,2010,london virginia,Indo_Lama,Indo
Love in Perth,drama,2010,love in perth,Indo_Lama,English
Madame X,action,2010,madame x,Indo_Lama,Indo
Mafia Insyaf,action,2010,mafia insyaf,Indo_Lama,Indo
Melodi,drama,2010,melodi,Indo_Lama,Indo
Menculik Miyabi,action,2010,menculik miyabi,Indo_Lama,Indo
Menebus Impian,drama,2010,menebus impian,Indo_Lama,Indo
Minggu Pagi di Victoria Park,drama,2010,minggu pagi di victoria park,Indo_Lama,Indo
Nakalnya Anak Muda,horror,2010,nakalnya anak muda,Indo_Lama,Indo
Ngebut Kawin,comedy,2010,ngebut kawin,Indo_Lama,Indo
Not for Sale,drama,2010,not for sale,Indo_Lama,Indo
Obama Anak Menteng,drama,2010,obama anak menteng,Indo_Lama,Indo
Pemburu Hantu: The Movie,horror,2010,pemburu hantu the movie,Indo_Lama,English
Pengakuan Seorang Pelacur,drama,2010,pengakuan seorang pelacur,Indo_Lama,Indo
Pengantin Pantai Biru,horror,2010,pengantin pantai biru,Indo_Lama,Indo
Pengantin Sunat,comedy,2010,pengantin sunat,Indo_Lama,Indo
Pengantin Topeng,drama,2010,pengantin topeng,Indo_Lama,Indo
Perjaka Terakhir 2,comedy,2010,perjaka terakhir 2,Indo_Lama,Indo
Pocong Jumat Kliwon,comedy,2010,pocong jumat kliwon,Indo_Lama,Indo
Pocong Keliling,comedy,2010,pocong keliling,Indo_Lama,Indo
Pocong Rumah Angker,horror,2010,pocong rumah angker,Indo_Lama,Indo
Raped by Saitan (Diperkosa Setan),horror,2010,raped by saitan diperkosa setan,Indo_Lama,Indo
Ratu KostMopolitan,comedy,2010,ratu kostmopolitan,Indo_Lama,Indo
Rayuan Arwah Penasaran,horror,2010,rayuan arwah penasaran,Indo_Lama,Indo
Red CobeX,comedy,2010,red cobex,Indo_Lama,Indo
Red and White II: Blood of Eagles,action,2010,red and white ii blood of eagles,Indo_Lama,English
Rintihan Kuntilanak Perawan,horror,2010,rintihan kuntilanak perawan,Indo_Lama,Indo
Roman Picisan,drama,2010,roman picisan,Indo_Lama,Indo
SKJ: Seleb Kota Jogja,comedy,2010,skj seleb kota jogja,Indo_Lama,Indo
Sang Pencerah,biography,2010,sang pencerah,Indo_Lama,Indo
Satu Jam Saja,drama,2010,satu jam saja,Indo_Lama,Indo
Sehidup (Tak) Semati,drama,2010,sehidup tak semati,Indo_Lama,Indo
Selimut Berdarah,thriller,2010,selimut berdarah,Indo_Lama,Indo
Senggol Bacok,comedy,2010,senggol bacok,Indo_Lama,Indo
Setan Facebook,horror,2010,setan facebook,Indo_Lama,Indo
Sst... Jadikan Aku Simpanan,drama,2010,sst jadikan aku simpanan,Indo_Lama,Indo
Susah Jaga Keperawanan di Jakarta,comedy,2010,susah jaga keperawanan di jakarta,Indo_Lama,Indo
Sweetheart,drama,2010,sweetheart,Indo_Lama,Indo
Tanah Air Beta,drama,2010,tanah air beta,Indo_Lama,Indo
Taring,horror,2010,taring,Indo_Lama,Indo
Te[rekam],horror,2010,terekam,Indo_Lama,Indo
The God Babe,comedy,2010,the god babe,Indo_Lama,English
Tiran: Mati di Ranjang,horror,2010,tiran mati di ranjang,Indo_Lama,Indo
Toilet 105,horror,2010,toilet 105,Indo_Lama,Indo
Ai Lop Yu Pul,comedy,2009,ai lop yu pul,Indo_Lama,Indo
Air Terjun Pengantin,horror,2009,air terjun pengantin,Indo_Lama,Indo
Anak Setan,horror,2009,anak setan,Indo_Lama,Indo
Asmara Dua Diana,comedy,2009,asmara dua diana,Indo_Lama,Indo
Benci Disko,comedy,2009,benci disko,Indo_Lama,Indo
Bukan Cinta Biasa,comedy,2009,bukan cinta biasa,Indo_Lama,Indo
Bukan Malin Kundang,comedy,2009,bukan malin kundang,Indo_Lama,Indo
Capres: Calo Presiden,comedy,2009,capres calo presiden,Indo_Lama,Indo
Cin(T)a,drama,2009,cinta,Indo_Lama,Indo
Darah Janda Kolong Wewe,horror,2009,darah janda kolong wewe,Indo_Lama,Indo
Darah Perawan Bulan Madu,horror,2009,darah perawan bulan madu,Indo_Lama,Indo
Dikejar Setan,horror,2009,dikejar setan,Indo_Lama,Indo
Emak Ingin Naik Haji,drama,2009,emak ingin naik haji,Indo_Lama,Indo
Garuda di Dadaku,drama,2009,garuda di dadaku,Indo_Lama,Indo
Get Married 2,comedy,2009,get married 2,Indo_Lama,Indo
Glitch: Tersesat dalam Waktu,sci-fi,2009,glitch tersesat dalam waktu,Indo_Lama,Indo
Hantu Biang Kerok,comedy,2009,hantu biang kerok,Indo_Lama,Indo
Hantu Binal Jembatan Semanggi,horror,2009,hantu binal jembatan semanggi,Indo_Lama,Indo
Hantu Jamu Gendong,horror,2009,hantu jamu gendong,Indo_Lama,Indo
Hantu Rumah Ampera,horror,2009,hantu rumah ampera,Indo_Lama,Indo
Heart-Break.com,comedy,2009,heartbreakcom,Indo_Lama,Indo
Identitas,drama,2009,identitas,Indo_Lama,Indo
Jagad X Code,,2009,jagad x code,Indo_Lama,Indo
Jamila dan Sang Presiden,drama,2009,jamila dan sang presiden,Indo_Lama,Indo
Janda Kembang,comedy,2009,janda kembang,Indo_Lama,Indo
Jeritan Kuntilanak,horror,2009,jeritan kuntilanak,Indo_Lama,Indo
Kambing Jantan,comedy,2009,kambing jantan,Indo_Lama,Indo
Kata Maaf Terakhir,drama,2009,kata maaf terakhir,Indo_Lama,Indo
Kawin Laris,comedy,2009,kawin laris,Indo_Lama,Indo
Keramat,horror,2009,keramat,Indo_Lama,Indo
Ketika Cinta Bertasbih,drama,2009,ketika cinta bertasbih,Indo_Lama,Indo
Ketika Cinta Bertasbih 2,drama,2009,ketika cinta bertasbih 2,Indo_Lama,Indo
King,drama,2009,king,Indo_Lama,Indo
Kirun + Adul,comedy,2009,kirun  adul,Indo_Lama,Indo
Kisah Nyata Kereta Setan Manggarai,horror,2009,kisah nyata kereta setan manggarai,Indo_Lama,Indo
Krazy Crazy Krezy...,comedy,2009,krazy crazy krezy,Indo_Lama,Indo
Kuntilanak Beranak,horror,2009,kuntilanak beranak,Indo_Lama,Indo
Kutukan Suster Ngesot,horror,2009,kutukan suster ngesot,Indo_Lama,Indo
Macabre,drama,2009,macabre,Indo_Lama,Indo
Maling Kutang,comedy,2009,maling kutang,Indo_Lama,Indo
Mati Suri,horror,2009,mati suri,Indo_Lama,Indo
Mau Dong... Ah,comedy,2009,mau dong ah,Indo_Lama,Indo
Merah Putih,action,2009,merah putih,Indo_Lama,Indo
Merantau,action,2009,merantau,Indo_Lama,Indo
Nazar,comedy,2009,nazar,Indo_Lama,Indo
Paku Kuntilanak,horror,2009,paku kuntilanak,Indo_Lama,Indo
Perempuan Berkalung Sorban,drama,2009,perempuan berkalung sorban,Indo_Lama,Indo
Perjaka Terakhir,drama,2009,perjaka terakhir,Indo_Lama,Indo
Pijat Atas Tekan Bawah,comedy,2009,pijat atas tekan bawah,Indo_Lama,Indo
Pintu Terlarang,horror,2009,pintu terlarang,Indo_Lama,Indo
Pocong Jalan Blora,horror,2009,pocong jalan blora,Indo_Lama,Indo
Pocong Kamar Sebelah,horror,2009,pocong kamar sebelah,Indo_Lama,Indo
Pocong Setan Jompo,horror,2009,pocong setan jompo,Indo_Lama,Indo
Preman in Love,comedy,2009,preman in love,Indo_Lama,English
Punk in Love,adventure,2009,punk in love,Indo_Lama,English
Putih Abu-Abu dan Sepatu Kets,drama,2009,putih abuabu dan sepatu kets,Indo_Lama,Indo
Queen Bee,drama,2009,queen bee,Indo_Lama,Indo
Rasa,action,2009,rasa,Indo_Lama,Indo
Romeo Juliet,drama,2009,romeo juliet,Indo_Lama,Indo
Ruma Maida,drama,2009,ruma maida,Indo_Lama,Indo
SMS: Suka Ma Suka,comedy,2009,sms suka ma suka,Indo_Lama,Indo
Sang Pemimpi,adventure,2009,sang pemimpi,Indo_Lama,Indo
Satu Rumpun?,comedy,2009,satu rumpun,Indo_Lama,Indo
Selendang Rocker,comedy,2009,selendang rocker,Indo_Lama,Indo
Sepuluh,drama,2009,sepuluh,Indo_Lama,Indo
Serigala Terakhir,action,2009,serigala terakhir,Indo_Lama,Indo
Setan Budeg,horror,2009,setan budeg,Indo_Lama,Indo
Sumpah (Ini) Pocong!,comedy,2009,sumpah ini pocong,Indo_Lama,Indo
Suster Keramas,comedy,2009,suster keramas,Indo_Lama,Indo
Susuk Pocong,horror,2009,susuk pocong,Indo_Lama,Indo
Terowongan Rumah Sakit,horror,2009,terowongan rumah sakit,Indo_Lama,Indo
The Ghost of Mortuary,horror,2009,the ghost of mortuary,Indo_Lama,English
The Maling Kuburans,comedy,2009,the maling kuburans,Indo_Lama,English
The Police,action,2009,the police,Indo_Lama,English
The Real Pocong,horror,2009,the real pocong,Indo_Lama,English
The Tarix Jabrix 2,comedy,2009,the tarix jabrix 2,Indo_Lama,English
Virgin 2: Bukan Film Porno,drama,2009,virgin 2 bukan film porno,Indo_Lama,Indo
Wakil Rakyat,comedy,2009,wakil rakyat,Indo_Lama,Indo
XXL: Double Extra Large,comedy,2009,xxl double extra large,Indo_Lama,Indo
3 Doa 3 Cinta,drama,2008,3 doa 3 cinta,Indo_Lama,Indo
40 Hari Bangkitnya Pocong,horror,2008,40 hari bangkitnya pocong,Indo_Lama,Indo
"Ada Kamu, Aku Ada",drama,2008,ada kamu aku ada,Indo_Lama,Indo
Anda Puas Saya Loyo,comedy,2008,anda puas saya loyo,Indo_Lama,Indo
Asoy Geboy,comedy,2008,asoy geboy,Indo_Lama,Indo
Babi Buta yang Ingin Terbang,drama,2008,babi buta yang ingin terbang,Indo_Lama,Indo
Barbi3,,2008,barbi3,Indo_Lama,Indo
Basahhh...,comedy,2008,basahhh,Indo_Lama,Indo
Best Friend?,,2008,best friend,Indo_Lama,Indo
Chika,drama,2008,chika,Indo_Lama,Indo
Cinlok,comedy,2008,cinlok,Indo_Lama,Indo
Cinta Setaman,drama,2008,cinta setaman,Indo_Lama,Indo
Claudia/Jasmine,comedy,2008,claudiajasmine,Indo_Lama,Indo
Coblos Cinta,comedy,2008,coblos cinta,Indo_Lama,Indo
D.O. (Drop Out),comedy,2008,do drop out,Indo_Lama,Indo
Di Bawah Pohon,drama,2008,di bawah pohon,Indo_Lama,Indo
Doa yang Mengancam,drama,2008,doa yang mengancam,Indo_Lama,Indo
Drupadi,drama,2008,drupadi,Indo_Lama,Indo
Fiksi.,thriller,2008,fiksi,Indo_Lama,Indo
From Bandung with Love,drama,2008,from bandung with love,Indo_Lama,Indo
Gara-Gara Bola,comedy,2008,garagara bola,Indo_Lama,Indo
Hantu Aborsi,horror,2008,hantu aborsi,Indo_Lama,Indo
Hantu Ambulance,horror,2008,hantu ambulance,Indo_Lama,Indo
Hantu Jembatan Ancol,horror,2008,hantu jembatan ancol,Indo_Lama,Indo
Hantu Perawan Jeruk Purut,horror,2008,hantu perawan jeruk purut,Indo_Lama,Indo
In the Name of Love,drama,2008,in the name of love,Indo_Lama,English
Kado Hari Jadi,thriller,2008,kado hari jadi,Indo_Lama,Indo
Kalau Cinta Jangan Cengeng,drama,2008,kalau cinta jangan cengeng,Indo_Lama,Indo
Karma,thriller,2008,karma,Indo_Lama,Indo
Kawin Kontrak,comedy,2008,kawin kontrak,Indo_Lama,Indo
Kawin Kontrak Lagi,comedy,2008,kawin kontrak lagi,Indo_Lama,Indo
Kekasih,drama,2008,kekasih,Indo_Lama,Indo
Kereta Hantu Manggarai,horror,2008,kereta hantu manggarai,Indo_Lama,Indo
Kesurupan,horror,2008,kesurupan,Indo_Lama,Indo
Ku Tunggu Jandamu,comedy,2008,ku tunggu jandamu,Indo_Lama,Indo
Kun fayakuun,drama,2008,kun fayakuun,Indo_Lama,Indo
Kuntilanak 3,horror,2008,kuntilanak 3,Indo_Lama,Indo
Laskar Pelangi,adventure,2008,laskar pelangi,Indo_Lama,Indo
Liar,,2008,liar,Indo_Lama,Indo
Lost in Love,drama,2008,lost in love,Indo_Lama,English
Love,drama,2008,love,Indo_Lama,Indo
MBA: Married by Accident,comedy,2008,mba married by accident,Indo_Lama,Indo
Mas Suka Masukin Aja,comedy,2008,mas suka masukin aja,Indo_Lama,Indo
May,drama,2008,may,Indo_Lama,Indo
Mengaku Rasul,drama,2008,mengaku rasul,Indo_Lama,Indo
"Mereka Bilang, Saya Monyet!",drama,2008,mereka bilang saya monyet,Indo_Lama,Indo
Merem Melek,comedy,2008,merem melek,Indo_Lama,Indo
Mupeng,comedy,2008,mupeng,Indo_Lama,Indo
Namaku Dick,comedy,2008,namaku dick,Indo_Lama,Indo
Oh Baby,drama,2008,oh baby,Indo_Lama,Indo
"Oh, My God!",comedy,2008,oh my god,Indo_Lama,Indo
Otomatis Romantis,comedy,2008,otomatis romantis,Indo_Lama,Indo
Pencarian Terakhir,adventure,2008,pencarian terakhir,Indo_Lama,Indo
Pocong vs. Kuntilanak,horror,2008,pocong vs kuntilanak,Indo_Lama,Indo
Pulau Hantu 2,horror,2008,pulau hantu 2,Indo_Lama,Indo
Radit & Jani,drama,2008,radit  jani,Indo_Lama,Indo
Sarang Kuntilanak,horror,2008,sarang kuntilanak,Indo_Lama,Indo
Saus Kacang,drama,2008,saus kacang,Indo_Lama,Indo
Setannya Kok Beneran?,comedy,2008,setannya kok beneran,Indo_Lama,Indo
Si Jago Merah,comedy,2008,si jago merah,Indo_Lama,Indo
Skandal Cinta Babi Ngepet,romance,2008,skandal cinta babi ngepet,Indo_Lama,Indo
Suami-Suami Takut Istri: The Movie,comedy,2008,suamisuami takut istri the movie,Indo_Lama,English
Summer Breeze,romance,2008,summer breeze,Indo_Lama,Indo
Sumpah Pocong di Sekolah,drama,2008,sumpah pocong di sekolah,Indo_Lama,Indo
Susahnya Jadi Perawan,comedy,2008,susahnya jadi perawan,Indo_Lama,Indo
Syahadat Cinta,drama,2008,syahadat cinta,Indo_Lama,Indo
Takut: Faces of Fear,horror,2008,takut faces of fear,Indo_Lama,English
Tali Pocong Perawan,horror,2008,tali pocong perawan,Indo_Lama,Indo
Tarzan ke Kota,comedy,2008,tarzan ke kota,Indo_Lama,Indo
The Shaman,horror,2008,the shaman,Indo_Lama,English
The Tarix Jabrix,comedy,2008,the tarix jabrix,Indo_Lama,English
Tiren: Mati Kemaren,horror,2008,tiren mati kemaren,Indo_Lama,Indo
Tri Mas Getir,comedy,2008,tri mas getir,Indo_Lama,Indo
Tulalit,comedy,2008,tulalit,Indo_Lama,Indo
Verses of Love,drama,2008,verses of love,Indo_Lama,English
Want More?,comedy,2008,want more,Indo_Lama,Indo
"XL: Extra Large - Antara Aku, Kau, dan Mak Erot",drama,2008,xl extra large  antara aku kau dan mak erot,Indo_Lama,Indo
3 Hari Untuk Selamanya,comedy,2007,3 hari untuk selamanya,Indo_Lama,Indo
Angkerbatu,horror,2007,angkerbatu,Indo_Lama,Indo
Badai Pasti Berlalu,drama,2007,badai pasti berlalu,Indo_Lama,Indo
Beranak dalam Kubur,horror,2007,beranak dalam kubur,Indo_Lama,Indo
Bukan Bintang Biasa,,2007,bukan bintang biasa,Indo_Lama,Indo
Dead Time,crime,2007,dead time,Indo_Lama,Indo
Enam,horror,2007,enam,Indo_Lama,Indo
Film Horor,comedy,2007,film horor,Indo_Lama,Indo
Genderuwo,horror,2007,genderuwo,Indo_Lama,Indo
Get Married,comedy,2007,get married,Indo_Lama,Indo
Hantu,horror,2007,hantu,Indo_Lama,Indo
Jelangkung 3,horror,2007,jelangkung 3,Indo_Lama,Indo
Kangen,drama,2007,kangen,Indo_Lama,Indo
Lantai 13,horror,2007,lantai 13,Indo_Lama,Indo
Lari dari Blora,drama,2007,lari dari blora,Indo_Lama,Indo
Lawang Sewu,horror,2007,lawang sewu,Indo_Lama,Indo
Legenda Sundel Bolong,horror,2007,legenda sundel bolong,Indo_Lama,Indo
Long Road to Heaven,drama,2007,long road to heaven,Indo_Lama,English
Lotus Requiem,drama,2007,lotus requiem,Indo_Lama,Indo
Love Is Cinta,drama,2007,love is cinta,Indo_Lama,Indo
Malam Jumat Kliwon,horror,2007,malam jumat kliwon,Indo_Lama,Indo
Medley,drama,2007,medley,Indo_Lama,Indo
Mengejar Mas Mas,comedy,2007,mengejar mas mas,Indo_Lama,Indo
Miracle: Menantang Maut,horror,2007,miracle menantang maut,Indo_Lama,Indo
Naga Bonar Jadi 2,comedy,2007,naga bonar jadi 2,Indo_Lama,Indo
Pocong 3,horror,2007,pocong 3,Indo_Lama,Indo
Pulau Hantu,horror,2007,pulau hantu,Indo_Lama,Indo
Quickie Express,comedy,2007,quickie express,Indo_Lama,Indo
Roh,horror,2007,roh,Indo_Lama,Indo
Selamanya,drama,2007,selamanya,Indo_Lama,Indo
Suster N,horror,2007,suster n,Indo_Lama,Indo
Suster Ngesot,horror,2007,suster ngesot,Indo_Lama,Indo
Tentang Cinta,drama,2007,tentang cinta,Indo_Lama,Indo
Terowongan Casablanca,horror,2007,terowongan casablanca,Indo_Lama,Indo
The Butterfly,drama,2007,the butterfly,Indo_Lama,English
The Photograph,drama,2007,the photograph,Indo_Lama,English
The Wall,horror,2007,the wall,Indo_Lama,English
9 Naga,crime,2006,9 naga,Indo_Lama,Indo
Bangku Kosong,horror,2006,bangku kosong,Indo_Lama,Indo
Berbagi Suami,comedy,2006,berbagi suami,Indo_Lama,Indo
Betina,drama,2006,betina,Indo_Lama,Indo
"Denias, Senandung di Atas Awan",drama,2006,denias senandung di atas awan,Indo_Lama,Indo
Ekspedisi Madewa,,2006,ekspedisi madewa,Indo_Lama,Indo
Garasi,drama,2006,garasi,Indo_Lama,Indo
Gotcha,horror,2006,gotcha,Indo_Lama,Indo
Gue Kapok Jatuh Cinta,comedy,2006,gue kapok jatuh cinta,Indo_Lama,Indo
Hantu Jeruk Purut,horror,2006,hantu jeruk purut,Indo_Lama,Indo
Heart,drama,2006,heart,Indo_Lama,Indo
Jakarta Undercover,thriller,2006,jakarta undercover,Indo_Lama,Indo
Jatuh Cinta Lagi,romance,2006,jatuh cinta lagi,Indo_Lama,Indo
Koper,drama,2006,koper,Indo_Lama,Indo
Lentera Merah,drama,2006,lentera merah,Indo_Lama,Indo
Maskot,comedy,2006,maskot,Indo_Lama,Indo
Opera Jawa,drama,2006,opera jawa,Indo_Lama,Indo
Pesan dari Surga,drama,2006,pesan dari surga,Indo_Lama,Indo
Pocong,drama,2006,pocong,Indo_Lama,Indo
Pocong 2,horror,2006,pocong 2,Indo_Lama,Indo
"Realita, Cinta, dan Rock n' Roll",drama,2006,realita cinta dan rock n roll,Indo_Lama,Indo
Ruang,,2006,ruang,Indo_Lama,Indo
The Chanting,horror,2006,the chanting,Indo_Lama,English
12:00 A.M.,drama,2005,1200 am,Indo_Lama,Indo
Alexandria,drama,2005,alexandria,Indo_Lama,Indo
Bad Wolves,action,2005,bad wolves,Indo_Lama,Indo
Banyu Biru,drama,2005,banyu biru,Indo_Lama,Indo
Belahan Jiwa,thriller,2005,belahan jiwa,Indo_Lama,Indo
Brownies,,2005,brownies,Indo_Lama,Indo
Catatan Akhir Sekolah,comedy,2005,catatan akhir sekolah,Indo_Lama,Indo
Detik Terakhir,,2005,detik terakhir,Indo_Lama,Indo
Gie,biography,2005,gie,Indo_Lama,Indo
Issue,thriller,2005,issue,Indo_Lama,Indo
Janji Joni,adventure,2005,janji joni,Indo_Lama,Indo
Me vs. High Heels,,2005,me vs high heels,Indo_Lama,Indo
Mirror,horror,2005,mirror,Indo_Lama,Indo
Panggil Namaku 3Ã,horror,2005,panggil namaku 3,Indo_Lama,Indo
Tentang Dia,drama,2005,tentang dia,Indo_Lama,Indo
Ungu Violet,drama,2005,ungu violet,Indo_Lama,Indo
Untuk Rena,drama,2005,untuk rena,Indo_Lama,Indo
Vina Bilang Cinta,romance,2005,vina bilang cinta,Indo_Lama,Indo
Virgin,drama,2005,virgin,Indo_Lama,Indo
What Love Means,comedy,2005,what love means,Indo_Lama,Indo
30 Hari Mencari Cinta,comedy,2004,30 hari mencari cinta,Indo_Lama,Indo
Bangsal 13,horror,2004,bangsal 13,Indo_Lama,Indo
Impian Kemarau,drama,2004,impian kemarau,Indo_Lama,Indo
Kejar Amerika,adventure,2004,kejar amerika,Indo_Lama,Indo
Lovely Luna,drama,2004,lovely luna,Indo_Lama,Indo
Mengejar Matahari,drama,2004,mengejar matahari,Indo_Lama,Indo
Petualangan 100 Jam,drama,2004,petualangan 100 jam,Indo_Lama,Indo
Rindu Kami Padamu,drama,2004,rindu kami padamu,Indo_Lama,Indo
Satu Kecupan,comedy,2004,satu kecupan,Indo_Lama,Indo
Tak Biasa,comedy,2004,tak biasa,Indo_Lama,Indo
Arisan!,comedy,2003,arisan,Indo_Lama,Indo
Biarkan Bintang Menari,drama,2003,biarkan bintang menari,Indo_Lama,Indo
Biola Tak Berdawai,drama,2003,biola tak berdawai,Indo_Lama,Indo
Cinta 24 Karat,comedy,2003,cinta 24 karat,Indo_Lama,Indo
Eiffel I'm in Love,drama,2003,eiffel im in love,Indo_Lama,English
Kiamat Sudah Dekat,comedy,2003,kiamat sudah dekat,Indo_Lama,Indo
Rumah Ketujuh,comedy,2003,rumah ketujuh,Indo_Lama,Indo
Singa Karawang Bekasi,drama,2003,singa karawang bekasi,Indo_Lama,Indo
Tusuk Jelangkung,horror,2003,tusuk jelangkung,Indo_Lama,Indo
Untukmu,drama,2003,untukmu,Indo_Lama,Indo
5 Sehat 4 Sempurna,comedy,2002,5 sehat 4 sempurna,Indo_Lama,Indo
Aku Ingin Menciummu Sekali Saja,comedy,2002,aku ingin menciummu sekali saja,Indo_Lama,Indo
Andai Ia Tahu,comedy,2002,andai ia tahu,Indo_Lama,Indo
Arwah yang Kembali,drama,2002,arwah yang kembali,Indo_Lama,Indo
Bendera,family,2002,bendera,Indo_Lama,Indo
Beth,drama,2002,beth,Indo_Lama,Indo
Ca-bau-kan,drama,2002,cabaukan,Indo_Lama,Indo
"Eliana, Eliana",drama,2002,eliana eliana,Indo_Lama,Indo
Kafir,horror,2002,kafir,Indo_Lama,Indo
Titik Hitam,drama,2002,titik hitam,Indo_Lama,Indo
What's Up with Love?,drama,2002,whats up with love,Indo_Lama,Indo
Jakarta Project,,2001,jakarta project,Indo_Lama,Indo
Joshua Oh Joshua,comedy,2001,joshua oh joshua,Indo_Lama,Indo
Marsinah,drama,2001,marsinah,Indo_Lama,Indo
Pasir Berbisik,drama,2001,pasir berbisik,Indo_Lama,Indo
The Uninvited,horror,2001,the uninvited,Indo_Lama,English
Tragedi,action,2001,tragedi,Indo_Lama,Indo
Viva Indonesia,,2001,viva indonesia,Indo_Lama,Indo
Petualangan Sherina,adventure,2000,petualangan sherina,Indo_Lama,Indo
Reinkarnasi,action,2000,reinkarnasi,Indo_Lama,Indo
Telegram,drama,2000,telegram,Indo_Lama,Indo
Kuldesak,action,1999,kuldesak,Indo_Lama,Indo
Fatahillah,action,1998,fatahillah,Indo_Lama,Indo
Leaf on a Pillow,crime,1998,leaf on a pillow,Indo_Lama,English
Tropic of Emerald,war,1997,tropic of emerald,Indo_Lama,English
Bergairah di Puncak,drama,1996,bergairah di puncak,Indo_Lama,Indo
Bisikan Nafsu,horror,1996,bisikan nafsu,Indo_Lama,Indo
Cinta dan Nafsu,drama,1996,cinta dan nafsu,Indo_Lama,Indo
Hukuman Zinah,horror,1996,hukuman zinah,Indo_Lama,Indo
Lampiasan nafsu,drama,1996,lampiasan nafsu,Indo_Lama,Indo
Selingkuh,drama,1996,selingkuh,Indo_Lama,Indo
Bulan Tertusuk Ilalang,drama,1995,bulan tertusuk ilalang,Indo_Lama,Indo
Gairah Malam 2,drama,1995,gairah malam 2,Indo_Lama,Indo
Permainan Binal,drama,1995,permainan binal,Indo_Lama,Indo
Ruby Fruit,fantasy,1995,ruby fruit,Indo_Lama,Indo
Without Mercy,action,1995,without mercy,Indo_Lama,Indo
Catatan Harian Tante Sonya,drama,1994,catatan harian tante sonya,Indo_Lama,Indo
Dewi Angin Angin,fantasy,1994,dewi angin angin,Indo_Lama,Indo
Gaun Merah,horror,1994,gaun merah,Indo_Lama,Indo
Godaan Cinta,drama,1994,godaan cinta,Indo_Lama,Indo
Kenikmatan Tabu,drama,1994,kenikmatan tabu,Indo_Lama,Indo
Pencet Sana Pencet Sini,comedy,1994,pencet sana pencet sini,Indo_Lama,Indo
Ranjang yang Ternoda,drama,1994,ranjang yang ternoda,Indo_Lama,Indo
Saya Duluan Dong,,1994,saya duluan dong,Indo_Lama,Indo
Setetes Noda Manis,drama,1994,setetes noda manis,Indo_Lama,Indo
Si Kabayan Mencari Jodoh,comedy,1994,si kabayan mencari jodoh,Indo_Lama,Indo
Surat Untuk Bidadari,drama,1994,surat untuk bidadari,Indo_Lama,Indo
Wanita Dalam Gairah,crime,1994,wanita dalam gairah,Indo_Lama,Indo
Badut-Badut Kota,comedy,1993,badutbadut kota,Indo_Lama,Indo
Gairah Malam,drama,1993,gairah malam,Indo_Lama,Indo
Mumpung Ada Kesempatan,,1993,mumpung ada kesempatan,Indo_Lama,Indo
Oeroeg,drama,1993,oeroeg,Indo_Lama,Indo
Rage and Honor II,action,1993,rage and honor ii,Indo_Lama,English
Susuk Nyi Roro Kidul,fantasy,1993,susuk nyi roro kidul,Indo_Lama,Indo
Angel of Fury,action,1992,angel of fury,Indo_Lama,English
Bibir Mer,comedy,1992,bibir mer,Indo_Lama,Indo
Cinta Dalam Sepotong Roti,drama,1992,cinta dalam sepotong roti,Indo_Lama,Indo
Kembalinya Si Janda Kembang,horror,1992,kembalinya si janda kembang,Indo_Lama,Indo
Lady Dragon,action,1992,lady dragon,Indo_Lama,Indo
Masuk Kena Keluar Kena,comedy,1992,masuk kena keluar kena,Indo_Lama,Indo
Olga dan Sepatu Roda,comedy,1992,olga dan sepatu roda,Indo_Lama,Indo
Salah Masuk,comedy,1992,salah masuk,Indo_Lama,Indo
Skandal Iblis,horror,1992,skandal iblis,Indo_Lama,Indo
Ajian Ratu Laut Kidul,drama,1991,ajian ratu laut kidul,Indo_Lama,Indo
Bisa Naik Bisa Turun,comedy,1991,bisa naik bisa turun,Indo_Lama,Indo
Catatan Si Boy 5,drama,1991,catatan si boy 5,Indo_Lama,Indo
Double Crosser,action,1991,double crosser,Indo_Lama,Indo
Gadis Metropolis,drama,1991,gadis metropolis,Indo_Lama,Indo
Makhluk dari Kubur,horror,1991,makhluk dari kubur,Indo_Lama,Indo
Misteri Janda Kembang,horror,1991,misteri janda kembang,Indo_Lama,Indo
Nada dan Dakwah,drama,1991,nada dan dakwah,Indo_Lama,Indo
Perjanjian di Malam Keramat,horror,1991,perjanjian di malam keramat,Indo_Lama,Indo
Pesta,drama,1991,pesta,Indo_Lama,Indo
Saur Sepuh 4: Titisan Darah Biru,,1991,saur sepuh 4 titisan darah biru,Indo_Lama,Indo
Si Kabayan dan Anak Jin,comedy,1991,si kabayan dan anak jin,Indo_Lama,Indo
Sudah Pasti Tahan,comedy,1991,sudah pasti tahan,Indo_Lama,Indo
Taksi,drama,1991,taksi,Indo_Lama,Indo
Taksi 2,drama,1991,taksi 2,Indo_Lama,Indo
Antri Dong,,1990,antri dong,Indo_Lama,Indo
Blok M,drama,1990,blok m,Indo_Lama,Indo
Catatan Si Boy 3,drama,1990,catatan si boy 3,Indo_Lama,Indo
Forgotten Rules,comedy,1990,forgotten rules,Indo_Lama,Indo
Guntur tengah malam,horror,1990,guntur tengah malam,Indo_Lama,Indo
Jaka Swara,action,1990,jaka swara,Indo_Lama,Indo
Langitku Rumahku,drama,1990,langitku rumahku,Indo_Lama,Indo
Mana Bisa Tahan,comedy,1990,mana bisa tahan,Indo_Lama,Indo
Misteri dari Gunung Merapi,action,1990,misteri dari gunung merapi,Indo_Lama,Indo
Saur Sepuh 3: Kembang Gunung Lawu,,1990,saur sepuh 3 kembang gunung lawu,Indo_Lama,Indo
Soerabaja '45,drama,1990,soerabaja 45,Indo_Lama,Indo
Titisan Dewi Ular,comedy,1990,titisan dewi ular,Indo_Lama,Indo
American Hunter,action,1989,american hunter,Indo_Lama,Indo
Istana Kecantikan,drama,1989,istana kecantikan,Indo_Lama,Indo
Joe Turun ke Desa,adventure,1989,joe turun ke desa,Indo_Lama,Indo
Lebih Asyik Sama Kamu,comedy,1989,lebih asyik sama kamu,Indo_Lama,Indo
Lupus III,,1989,lupus iii,Indo_Lama,Indo
Musnahkan Ilmu Santet,horror,1989,musnahkan ilmu santet,Indo_Lama,Indo
Pacar Ketinggalan Kereta,drama,1989,pacar ketinggalan kereta,Indo_Lama,Indo
Pembalasan Ratu Pantai Selatan,action,1989,pembalasan ratu pantai selatan,Indo_Lama,Indo
Sabar Dulu Dong...!,comedy,1989,sabar dulu dong,Indo_Lama,Indo
Saur Sepuh 2: Pesanggrahan Keramat,action,1989,saur sepuh 2 pesanggrahan keramat,Indo_Lama,Indo
Tarzan Raja Rimba,adventure,1989,tarzan raja rimba,Indo_Lama,Indo
Wanita Harimau,horror,1989,wanita harimau,Indo_Lama,Indo
Arini II,,1988,arini ii,Indo_Lama,Indo
Catatan Si Boy 2,drama,1988,catatan si boy 2,Indo_Lama,Indo
Diamond Run,action,1988,diamond run,Indo_Lama,Indo
Elegi Buat Nana,drama,1988,elegi buat nana,Indo_Lama,Indo
Irisan-Irisan Hati,drama,1988,irisanirisan hati,Indo_Lama,Indo
Jakarta,action,1988,jakarta,Indo_Lama,Indo
Jodoh Boleh Diatur,comedy,1988,jodoh boleh diatur,Indo_Lama,Indo
Lukisan Berlumur Darah,horror,1988,lukisan berlumur darah,Indo_Lama,Indo
Perawan Rimba,action,1988,perawan rimba,Indo_Lama,Indo
Permainan Dibalik Tirai,adventure,1988,permainan dibalik tirai,Indo_Lama,Indo
Santet,horror,1988,santet,Indo_Lama,Indo
Saur Sepuh: Satria Madangkara,action,1988,saur sepuh satria madangkara,Indo_Lama,Indo
The White Alligator,horror,1988,the white alligator,Indo_Lama,English
Tjoet Nja' Dhien,drama,1988,tjoet nja dhien,Indo_Lama,Indo
Barang Terlarang,crime,1987,barang terlarang,Indo_Lama,Indo
Catatan Si Boy,drama,1987,catatan si boy,Indo_Lama,Indo
Cintaku di Rumah Susun,comedy,1987,cintaku di rumah susun,Indo_Lama,Indo
Depan Bisa Belakang Bisa,comedy,1987,depan bisa belakang bisa,Indo_Lama,Indo
Johny Indo,biography,1987,johny indo,Indo_Lama,Indo
Kelabang Seribu,action,1987,kelabang seribu,Indo_Lama,Indo
Kerikil-Kerikil Tajam,drama,1987,kerikilkerikil tajam,Indo_Lama,Indo
Lupus,,1987,lupus,Indo_Lama,Indo
Maidens Revenge,action,1987,maidens revenge,Indo_Lama,Indo
Menumpas Teroris,action,1987,menumpas teroris,Indo_Lama,Indo
Nada-Nada Rindu,drama,1987,nadanada rindu,Indo_Lama,Indo
Naga Bonar,comedy,1987,naga bonar,Indo_Lama,Indo
Pernikahan Berdarah,action,1987,pernikahan berdarah,Indo_Lama,Indo
Samson and Delilah,adventure,1987,samson and delilah,Indo_Lama,English
Si Buta dari Gua Hantu: Neraka Perut Bumi,action,1987,si buta dari gua hantu neraka perut bumi,Indo_Lama,Indo
Tujuh Manusia Harimau,horror,1987,tujuh manusia harimau,Indo_Lama,Indo
Batas Impian Ranjang Setan,horror,1986,batas impian ranjang setan,Indo_Lama,Indo
Biarkan Bulan Itu,,1986,biarkan bulan itu,Indo_Lama,Indo
Bintang Kejora,comedy,1986,bintang kejora,Indo_Lama,Indo
Final Score,action,1986,final score,Indo_Lama,English
Ibunda,drama,1986,ibunda,Indo_Lama,Indo
Kejarlah Daku Kau Kutangkap,comedy,1986,kejarlah daku kau kutangkap,Indo_Lama,Indo
Keluarga Markum,,1986,keluarga markum,Indo_Lama,Indo
Opera Jakarta,,1986,opera jakarta,Indo_Lama,Indo
Pembalasan Rambu,action,1986,pembalasan rambu,Indo_Lama,Indo
Petualangan Cinta Nyi Blorong,fantasy,1986,petualangan cinta nyi blorong,Indo_Lama,Indo
Sama Juga Bohong,drama,1986,sama juga bohong,Indo_Lama,Indo
Sentuhan Rumput yang Bergoyang,comedy,1986,sentuhan rumput yang bergoyang,Indo_Lama,Indo
Usia Dalam Gejolak,drama,1986,usia dalam gejolak,Indo_Lama,Indo
Bangunnya Nyi Roro Kidul,horror,1985,bangunnya nyi roro kidul,Indo_Lama,Indo
Carok,action,1985,carok,Indo_Lama,Indo
Darah perjaka,,1985,darah perjaka,Indo_Lama,Indo
Doea Tanda Mata,drama,1985,doea tanda mata,Indo_Lama,Indo
Gantian Dong,comedy,1985,gantian dong,Indo_Lama,Indo
Hell Raiders,action,1985,hell raiders,Indo_Lama,Indo
Jaka Sembung & Bergola Ijo,action,1985,jaka sembung  bergola ijo,Indo_Lama,Indo
Kembang Kertas,drama,1985,kembang kertas,Indo_Lama,Indo
Kesempatan Dalam Kesempitan,,1985,kesempatan dalam kesempitan,Indo_Lama,Indo
Komando Samber Nyawa,action,1985,komando samber nyawa,Indo_Lama,Indo
Merpati Tak Pernah Ingkar Janji,drama,1985,merpati tak pernah ingkar janji,Indo_Lama,Indo
Putri Duyung,,1985,putri duyung,Indo_Lama,Indo
Ratu Sakti Calon Arang,action,1985,ratu sakti calon arang,Indo_Lama,Indo
Secangkir Kopi Pahit,drama,1985,secangkir kopi pahit,Indo_Lama,Indo
Si Buta dari Gua Hantu,,1985,si buta dari gua hantu,Indo_Lama,Indo
Sunan Kalijaga & Syech Siti Jenar,action,1985,sunan kalijaga  syech siti jenar,Indo_Lama,Indo
Di Luar Batas,drama,1984,di luar batas,Indo_Lama,Indo
Golok Setan,adventure,1984,golok setan,Indo_Lama,Indo
Itu Bisa Diatur,comedy,1984,itu bisa diatur,Indo_Lama,Indo
Pengkhianatan G30S/PKI,drama,1984,pengkhianatan g30spki,Indo_Lama,Indo
Ponirah Terpidana,drama,1984,ponirah terpidana,Indo_Lama,Indo
Raden Ajeng Kartini,drama,1984,raden ajeng kartini,Indo_Lama,Indo
Revenge of the Ninja,action,1984,revenge of the ninja,Indo_Lama,English
Satria Bergitar,action,1984,satria bergitar,Indo_Lama,Indo
Sunan Kalijaga,action,1984,sunan kalijaga,Indo_Lama,Indo
Tahu Diri Dong,comedy,1984,tahu diri dong,Indo_Lama,Indo
Telaga Angker,horror,1984,telaga angker,Indo_Lama,Indo
Bergola Ijo,comedy,1983,bergola ijo,Indo_Lama,Indo
Budak Nafsu,thriller,1983,budak nafsu,Indo_Lama,Indo
Cinta Segi Tiga,drama,1983,cinta segi tiga,Indo_Lama,Indo
Di Balik Kelambu,drama,1983,di balik kelambu,Indo_Lama,Indo
Escape from Hellhole,action,1983,escape from hellhole,Indo_Lama,Indo
Kamp Tawanan Wanita,action,1983,kamp tawanan wanita,Indo_Lama,Indo
Ken Arok - Ken Dedes,,1983,ken arok  ken dedes,Indo_Lama,Indo
Lebak Membara,action,1983,lebak membara,Indo_Lama,Indo
Maju Kena Mundur Kena,comedy,1983,maju kena mundur kena,Indo_Lama,Indo
Membakar Matahari,action,1983,membakar matahari,Indo_Lama,Indo
Midah Perawan Buronan,,1983,midah perawan buronan,Indo_Lama,Indo
Nyi Ageng Ratu Pemikat,fantasy,1983,nyi ageng ratu pemikat,Indo_Lama,Indo
Pasukan Berani Mati,action,1983,pasukan berani mati,Indo_Lama,Indo
Perhitungan terakhir,action,1983,perhitungan terakhir,Indo_Lama,Indo
Perkawinan Nyi Blorong,fantasy,1983,perkawinan nyi blorong,Indo_Lama,Indo
Pokoknya Beres,comedy,1983,pokoknya beres,Indo_Lama,Indo
The Warrior and the Blind Swordsman,action,1983,the warrior and the blind swordsman,Indo_Lama,English
Aladin dan Lampu Wasiat,action,1982,aladin dan lampu wasiat,Indo_Lama,Indo
Bayi Ajaib,horror,1982,bayi ajaib,Indo_Lama,Indo
Cara Hebat Ikut Penanggulangan Masalah Sosial,comedy,1982,cara hebat ikut penanggulangan masalah sosial,Indo_Lama,Indo
Dongkrak Antik,comedy,1982,dongkrak antik,Indo_Lama,Indo
Ferocious Female Freedom Fighters,action,1982,ferocious female freedom fighters,Indo_Lama,Indo
"Ferocious Female Freedom Fighters, Part 2",action,1982,ferocious female freedom fighters part 2,Indo_Lama,English
Gadis Bionik,action,1982,gadis bionik,Indo_Lama,Indo
Hukum Karma,,1982,hukum karma,Indo_Lama,Indo
Nyi Blorong,fantasy,1982,nyi blorong,Indo_Lama,Indo
Pengabdi Setan,horror,1982,pengabdi setan,Indo_Lama,Indo
Roro Mendut,drama,1982,roro mendut,Indo_Lama,Indo
Sangkuriang,fantasy,1982,sangkuriang,Indo_Lama,Indo
"Seputih Hatinya, Semerah Bibirnya",drama,1982,seputih hatinya semerah bibirnya,Indo_Lama,Indo
Special Silencers,action,1982,special silencers,Indo_Lama,Indo
Sundelbolong,drama,1982,sundelbolong,Indo_Lama,Indo
Tangkuban Perahu,,1982,tangkuban perahu,Indo_Lama,Indo
Titian Serambut Dibelah Tujuh,drama,1982,titian serambut dibelah tujuh,Indo_Lama,Indo
Cewek Jagoan Beraksi Kembali,action,1981,cewek jagoan beraksi kembali,Indo_Lama,Indo
Dr. Karmila,drama,1981,dr karmila,Indo_Lama,Indo
Dukun lintah,horror,1981,dukun lintah,Indo_Lama,Indo
Gundala Putra Petir,action,1981,gundala putra petir,Indo_Lama,Indo
Jaka Sembung,action,1981,jaka sembung,Indo_Lama,Indo
Manusia Enam Juta Dollar,,1981,manusia enam juta dollar,Indo_Lama,Indo
Mystics in Bali,fantasy,1981,mystics in bali,Indo_Lama,English
Serangan Fajar,drama,1981,serangan fajar,Indo_Lama,Indo
Srigala,horror,1981,srigala,Indo_Lama,Indo
Steel-Fisted Dragon,action,1981,steelfisted dragon,Indo_Lama,Indo
Five Deadly Angels,action,1980,five deadly angels,Indo_Lama,Indo
Melodi Cinta Rhoma Irama,drama,1980,melodi cinta rhoma irama,Indo_Lama,Indo
Perempuan dalam Pasungan,drama,1980,perempuan dalam pasungan,Indo_Lama,Indo
Pintar Pintar Bodoh,comedy,1980,pintar pintar bodoh,Indo_Lama,Indo
Rayuan Gombal,comedy,1980,rayuan gombal,Indo_Lama,Indo
Savage Terror,adventure,1980,savage terror,Indo_Lama,Indo
Senyummu Adalah Tangisku,,1980,senyummu adalah tangisku,Indo_Lama,Indo
Usia 18,drama,1980,usia 18,Indo_Lama,Indo
Gita Cinta dari SMA,romance,1979,gita cinta dari sma,Indo_Lama,Indo
Janur Kuning,drama,1979,janur kuning,Indo_Lama,Indo
Kabut Sutra Ungu,drama,1979,kabut sutra ungu,Indo_Lama,Indo
Karate Sabuk Hitam,action,1979,karate sabuk hitam,Indo_Lama,Indo
November 1828,drama,1979,november 1828,Indo_Lama,Indo
Puspa Indah Taman Hati,,1979,puspa indah taman hati,Indo_Lama,Indo
"Si Boneka Kayu, Pinokio",comedy,1979,si boneka kayu pinokio,Indo_Lama,Indo
Tuyul,horror,1979,tuyul,Indo_Lama,Indo
Godaan Siluman Perempuan,horror,1978,godaan siluman perempuan,Indo_Lama,Indo
Kera Sakti,action,1978,kera sakti,Indo_Lama,Indo
Mat Peci,comedy,1978,mat peci,Indo_Lama,Indo
Two in Black Belt,action,1978,two in black belt,Indo_Lama,English
Krakatau,action,1977,krakatau,Indo_Lama,Indo
Pembalasan Si Pitung,,1977,pembalasan si pitung,Indo_Lama,Indo
Suci Sang Primadona,drama,1977,suci sang primadona,Indo_Lama,Indo
Inem Pelayan Sexy,comedy,1976,inem pelayan sexy,Indo_Lama,Indo
Si Doel Anak Modern,comedy,1976,si doel anak modern,Indo_Lama,Indo
Si Pitung Beraksi Kembali,action,1976,si pitung beraksi kembali,Indo_Lama,Indo
Si Pitung,action,1975,si pitung,Indo_Lama,Indo
Ateng Minta Kawin,comedy,1974,ateng minta kawin,Indo_Lama,Indo
Atheis,drama,1974,atheis,Indo_Lama,Indo
Tarsan Kota,adventure,1974,tarsan kota,Indo_Lama,Indo
Akhir Sebuah Impian,drama,1973,akhir sebuah impian,Indo_Lama,Indo
Cinta Pertama,romance,1973,cinta pertama,Indo_Lama,Indo
Si Mamad,comedy,1973,si mamad,Indo_Lama,Indo
The Ghostly Face,action,1973,the ghostly face,Indo_Lama,English
Intan Berduri,drama,1972,intan berduri,Indo_Lama,Indo
Intan Perawan Kubu,adventure,1972,intan perawan kubu,Indo_Lama,Indo
Si Doel Anak Betawi,drama,1972,si doel anak betawi,Indo_Lama,Indo
Wajah Seorang Laki-Laki,drama,1972,wajah seorang lakilaki,Indo_Lama,Indo
Malin Kundang,,1971,malin kundang,Indo_Lama,Indo
Bernapas dalam Lumpur,drama,1970,bernapas dalam lumpur,Indo_Lama,Indo
Badai Selatan,drama,1962,badai selatan,Indo_Lama,Indo
Operation Kalimantan,action,1962,operation kalimantan,Indo_Lama,Indo
Pedjuang,war,1961,pedjuang,Indo_Lama,Indo
Asrama Dara,drama,1958,asrama dara,Indo_Lama,Indo
Tiga Dara,comedy,1956,tiga dara,Indo_Lama,Indo
Tamu Agung,comedy,1955,tamu agung,Indo_Lama,Indo
Lewat Djam Malam,drama,1954,lewat djam malam,Indo_Lama,Indo
The Tiger from Tjampa,drama,1953,the tiger from tjampa,Indo_Lama,English
Enam Djam di Djogja,drama,1951,enam djam di djogja,Indo_Lama,Indo
Darah dan Doa,drama,1950,darah dan doa,Indo_Lama,Indo
Resia Boroboedoer,adventure,1928,resia boroboedoer,Indo_Lama,Indo
Loetoeng Kasaroeng,fantasy,1926,loetoeng kasaroeng,Indo_Lama,Indo
The Tomorrow War,action,2021,the tomorrow war,Indo_Lama,English
Nobody,action,2021,nobody,Indo_Lama,Indo
SAS: Red Notice,action,2021,sas red notice,Indo_Lama,Indo
The Marksman,action,2021,the marksman,Indo_Lama,English
Snake Eyes,action,2021,snake eyes,Indo_Lama,Indo
F9: The Fast Saga,action,2021,f9 the fast saga,Indo_Lama,English
Black Widow,action,2021,black widow,Indo_Lama,Indo
The Suicide Squad,action,2021,the suicide squad,Indo_Lama,English
Preman,action,2021,preman,Indo_Lama,Indo
Free Guy,comedy,2021,free guy,Indo_Lama,Indo
Red Notice,comedy,2021,red notice,Indo_Lama,Indo
Yes Day,comedy,2021,yes day,Indo_Lama,Indo
Coming 2 America,comedy,2021,coming 2 america,Indo_Lama,Indo
Vacation Friends,comedy,2021,vacation friends,Indo_Lama,Indo
Ghost Lab,comedy,2021,ghost lab,Indo_Lama,Indo
Cek Toko Sebelah 2,comedy,2021,cek toko sebelah 2,Indo_Lama,Indo
Yowis Ben Finale,comedy,2021,yowis ben finale,Indo_Lama,Indo
Ali & Ratu Ratu Queens,comedy,2021,ali  ratu ratu queens,Indo_Lama,Indo
Dune,drama,2021,dune,Indo_Lama,Indo
The Father,drama,2021,the father,Indo_Lama,English
Nomadland,drama,2021,nomadland,Indo_Lama,Indo
Minari,drama,2021,minari,Indo_Lama,Indo
The Dig,drama,2021,the dig,Indo_Lama,English
Pieces of a Woman,drama,2021,pieces of a woman,Indo_Lama,English
Penyalin Cahaya,drama,2021,penyalin cahaya,Indo_Lama,Indo
Yuni,drama,2021,yuni,Indo_Lama,Indo
Seperti Dendam Rindu Harus Dibayar Tuntas,drama,2021,seperti dendam rindu harus dibayar tuntas,Indo_Lama,Indo
Losmen Bu Broto,drama,2021,losmen bu broto,Indo_Lama,Indo
A Quiet Place Part II,horror,2021,a quiet place part ii,Indo_Lama,English
The Conjuring 3,horror,2021,the conjuring 3,Indo_Lama,English
Malignant,horror,2021,malignant,Indo_Lama,Indo
Fear Street Part 1,horror,2021,fear street part 1,Indo_Lama,English
Candyman,horror,2021,candyman,Indo_Lama,Indo
The Medium,horror,2021,the medium,Indo_Lama,English
Ivanna,horror,2021,ivanna,Indo_Lama,Indo
Makmum 2,horror,2021,makmum 2,Indo_Lama,Indo
KKN di Desa Penari,horror,2021,kkn di desa penari,Indo_Lama,Indo
Tarian Lengger Maut,horror,2021,tarian lengger maut,Indo_Lama,Indo
To All the Boys: Always and Forever,romance,2021,to all the boys always and forever,Indo_Lama,English
The Map of Tiny Perfect Things,romance,2021,the map of tiny perfect things,Indo_Lama,English
After We Fell,romance,2021,after we fell,Indo_Lama,Indo
Malcolm & Marie,romance,2021,malcolm  marie,Indo_Lama,Indo
The Last Letter from Your Lover,romance,2021,the last letter from your lover,Indo_Lama,English
Layla Majnun,romance,2021,layla majnun,Indo_Lama,Indo
Married with Senior,romance,2021,married with senior,Indo_Lama,Indo
Geez & Ann,romance,2021,geez  ann,Indo_Lama,Indo
A Perfect Fit,romance,2021,a perfect fit,Indo_Lama,English
Love Like the Falling Rain,romance,2021,love like the falling rain,Indo_Lama,English
The Batman,"action,crime,drama",2022,the batman,Indo_Lama,English
Top Gun: Maverick,"action,drama",2022,top gun maverick,Indo_Lama,Indo
Doctor Strange in the Multiverse of Madness,"action,fantasy,horror",2022,doctor strange in the multiverse of madness,Indo_Lama,English
Uncharted,"action,adventure,comedy",2022,uncharted,Indo_Lama,Indo
The Gray Man,"action,thriller",2022,the gray man,Indo_Lama,English
Ambulance,"action,thriller",2022,ambulance,Indo_Lama,Indo
The Big 4,"action,comedy",2022,the big 4,Indo_Lama,English
Sri Asih,"action,fantasy",2022,sri asih,Indo_Lama,Indo
Bullet Train,"action,comedy,thriller",2022,bullet train,Indo_Lama,Indo
RRR,"action,drama",2022,rrr,Indo_Lama,Indo
The Lost City,"comedy,adventure,romance",2022,the lost city,Indo_Lama,English
Ticket to Paradise,"comedy,romance",2022,ticket to paradise,Indo_Lama,English
Bros,"comedy,romance",2022,bros,Indo_Lama,Indo
Senior Year,comedy,2022,senior year,Indo_Lama,Indo
Marry Me,"comedy,romance",2022,marry me,Indo_Lama,Indo
Ghost Writer 2,"horror,comedy",2022,ghost writer 2,Indo_Lama,Indo
Mendarat Darurat,"comedy,drama",2022,mendarat darurat,Indo_Lama,Indo
Ngeri-Ngeri Sedap,"comedy,drama",2022,ngeringeri sedap,Indo_Lama,Indo
Keluarga Cemara 2,"drama,family",2022,keluarga cemara 2,Indo_Lama,Indo
Mumun,"horror,comedy",2022,mumun,Indo_Lama,Indo
Everything Everywhere All at Once,"action,comedy,drama",2022,everything everywhere all at once,Indo_Lama,Indo
The Whale,drama,2022,the whale,Indo_Lama,English
Aftersun,drama,2022,aftersun,Indo_Lama,Indo
Decision to Leave,"drama,romance,thriller",2022,decision to leave,Indo_Lama,English
Close,drama,2022,close,Indo_Lama,Indo
"Before, Now & Then",drama,2022,before now  then,Indo_Lama,Indo
Autobiography,"drama,thriller",2022,autobiography,Indo_Lama,Indo
Like & Share,drama,2022,like  share,Indo_Lama,Indo
Seoul Vibe,"action,comedy",2022,seoul vibe,Indo_Lama,Indo
Carter,"action,thriller",2022,carter,Indo_Lama,Indo
Smile,"horror,thriller",2022,smile,Indo_Lama,Indo
Barbarian,"horror,thriller",2022,barbarian,Indo_Lama,Indo
The Black Phone,"horror,thriller",2022,the black phone,Indo_Lama,English
Nope,"horror,sci-fi",2022,nope,Indo_Lama,Indo
X,horror,2022,x,Indo_Lama,Indo
Pengabdi Setan 2: Communion,"horror,drama",2022,pengabdi setan 2 communion,Indo_Lama,Indo
Qorin,horror,2022,qorin,Indo_Lama,Indo
Satan's Slaves 2,horror,2022,satans slaves 2,Indo_Lama,Indo
The Invitation,"horror,thriller",2022,the invitation,Indo_Lama,English
Oppenheimer,"drama,history",2023,oppenheimer,Indo_Lama,Indo
Barbie,"comedy,fantasy,romance",2023,barbie,Indo_Lama,Indo
Guardians of the Galaxy Vol. 3,"action,adventure,comedy",2023,guardians of the galaxy vol 3,Indo_Lama,English
John Wick: Chapter 4,"action,crime,thriller",2023,john wick chapter 4,Indo_Lama,English
Fast X,"action,crime,thriller",2023,fast x,Indo_Lama,Indo
The Marvels,"action,adventure,comedy",2023,the marvels,Indo_Lama,English
Extraction 2,"action,thriller",2023,extraction 2,Indo_Lama,Indo
The Creator,"action,sci-fi,drama",2023,the creator,Indo_Lama,English
The Big 4 2,"action,comedy",2023,the big 4 2,Indo_Lama,English
Sri Asih 2,"action,fantasy",2023,sri asih 2,Indo_Lama,Indo
Anyone But You,"comedy,romance",2023,anyone but you,Indo_Lama,Indo
No Hard Feelings,"comedy,romance",2023,no hard feelings,Indo_Lama,Indo
Elemental,"animation,comedy,romance",2023,elemental,Indo_Lama,Indo
Wonka,"comedy,fantasy,family",2023,wonka,Indo_Lama,Indo
Migration,"animation,comedy,adventure",2023,migration,Indo_Lama,Indo
Agak Laen,"horror,comedy",2023,agak laen,Indo_Lama,Indo
Ganjil Genap,"comedy,romance",2023,ganjil genap,Indo_Lama,Indo
Cek Toko Sebelah 3,"comedy,drama",2023,cek toko sebelah 3,Indo_Lama,Indo
Mumun 2,"horror,comedy",2023,mumun 2,Indo_Lama,Indo
Losmen Bu Broto 2,"drama,comedy",2023,losmen bu broto 2,Indo_Lama,Indo
Killers of the Flower Moon,"drama,crime,history",2023,killers of the flower moon,Indo_Lama,English
Past Lives,"drama,romance",2023,past lives,Indo_Lama,Indo
The Holdovers,"drama,comedy",2023,the holdovers,Indo_Lama,English
Poor Things,"drama,fantasy,romance",2023,poor things,Indo_Lama,Indo
Napoleon,"drama,history",2023,napoleon,Indo_Lama,Indo
Air,"drama,sport",2023,air,Indo_Lama,Indo
13 Bom di Jakarta,"action,drama,thriller",2023,13 bom di jakarta,Indo_Lama,Indo
Budi Pekerti,drama,2023,budi pekerti,Indo_Lama,Indo
Sleep Call,"drama,thriller",2023,sleep call,Indo_Lama,Indo
Like & Share 2,drama,2023,like  share 2,Indo_Lama,Indo
The Nun II,"horror,mystery",2023,the nun ii,Indo_Lama,English
Talk to Me,"horror,thriller",2023,talk to me,Indo_Lama,English
Insidious: The Red Door,horror,2023,insidious the red door,Indo_Lama,English
Five Nights at Freddy's,"horror,thriller",2023,five nights at freddys,Indo_Lama,Indo
Saw X,"horror,thriller",2023,saw x,Indo_Lama,Indo
Siksa Neraka,horror,2023,siksa neraka,Indo_Lama,Indo
Waktu Maghrib,horror,2023,waktu maghrib,Indo_Lama,Indo
Primbon,"horror,mystery",2023,primbon,Indo_Lama,Indo
Sewu Dino,horror,2023,sewu dino,Indo_Lama,Indo
Di Ambang Kematian,horror,2023,di ambang kematian,Indo_Lama,Indo
Dune: Part Two,"action,adventure,drama",2024,dune part two,Indo_Lama,English
Godzilla x Kong: The New Empire,"action,sci-fi,adventure",2024,godzilla x kong the new empire,Indo_Lama,English
Furiosa: A Mad Max Saga,"action,adventure,drama",2024,furiosa a mad max saga,Indo_Lama,English
Deadpool & Wolverine,"action,comedy,sci-fi",2024,deadpool  wolverine,Indo_Lama,Indo
Kingdom of the Planet of the Apes,"action,sci-fi,drama",2024,kingdom of the planet of the apes,Indo_Lama,English
The Fall Guy,"action,comedy,romance",2024,the fall guy,Indo_Lama,English
Civil War,"action,drama,thriller",2024,civil war,Indo_Lama,Indo
Bad Boys: Ride or Die,"action,comedy,crime",2024,bad boys ride or die,Indo_Lama,Indo
13 Bom di Jakarta 2,"action,thriller,drama",2024,13 bom di jakarta 2,Indo_Lama,Indo
Sri Asih: Rebirth,"action,fantasy",2024,sri asih rebirth,Indo_Lama,Indo
Kung Fu Panda 4,"animation,comedy,action",2024,kung fu panda 4,Indo_Lama,Indo
Mean Girls,"comedy,musical",2024,mean girls,Indo_Lama,Indo
Anyone But You 2,"comedy,romance",2024,anyone but you 2,Indo_Lama,Indo
Hit Man,"comedy,crime,romance",2024,hit man,Indo_Lama,Indo
Ghostbusters: Frozen Empire,"comedy,fantasy",2024,ghostbusters frozen empire,Indo_Lama,Indo
Agak Laen 2,"horror,comedy",2024,agak laen 2,Indo_Lama,Indo
Cek Toko Sebelah 4,"comedy,drama",2024,cek toko sebelah 4,Indo_Lama,Indo
Keluarga Cemara 3,"drama,comedy,family",2024,keluarga cemara 3,Indo_Lama,Indo
Mumun 3,"horror,comedy",2024,mumun 3,Indo_Lama,Indo
Ganjil Genap 2,"comedy,romance",2024,ganjil genap 2,Indo_Lama,Indo
Oppenheimer: Legacy,"drama,history",2024,oppenheimer legacy,Indo_Lama,Indo
Challengers,"drama,romance,sport",2024,challengers,Indo_Lama,Indo
The Zone of Interest,"drama,history",2024,the zone of interest,Indo_Lama,English
Perfect Days,drama,2024,perfect days,Indo_Lama,Indo
Poor Things 2,"drama,fantasy",2024,poor things 2,Indo_Lama,Indo
Budi Pekerti 2,drama,2024,budi pekerti 2,Indo_Lama,Indo
Like & Share 3,drama,2024,like  share 3,Indo_Lama,Indo
Autobiography 2,"drama,thriller",2024,autobiography 2,Indo_Lama,Indo
Sleep Call 2,"drama,thriller",2024,sleep call 2,Indo_Lama,Indo
Losmen Bu Broto 3,drama,2024,losmen bu broto 3,Indo_Lama,Indo
A Quiet Place: Day One,"horror,sci-fi,drama",2024,a quiet place day one,Indo_Lama,English
The First Omen,"horror,mystery",2024,the first omen,Indo_Lama,English
Imaginary,"horror,thriller",2024,imaginary,Indo_Lama,Indo
Night Swim,horror,2024,night swim,Indo_Lama,English
Siksa Kubur,"horror,drama",2024,siksa kubur,Indo_Lama,Indo
Badarawuhi di Desa Penari,"horror,mystery",2024,badarawuhi di desa penari,Indo_Lama,Indo
Pemandi Jenazah,horror,2024,pemandi jenazah,Indo_Lama,Indo
KKN Desa Penari 2,horror,2024,kkn desa penari 2,Indo_Lama,Indo
Ivanna 2,horror,2024,ivanna 2,Indo_Lama,Indo
The Beekeeper 2,"action,thriller,drama",2025,the beekeeper 2,Indo_Lama,English
Mission Impossible 8,"action,adventure,thriller",2025,mission impossible 8,Indo_Lama,Indo
Fast X Part 2,"action,crime,drama",2025,fast x part 2,Indo_Lama,English
The Raid 3,"action,crime,thriller",2025,the raid 3,Indo_Lama,English
Extraction 3,"action,thriller,war",2025,extraction 3,Indo_Lama,Indo
John Wick 5,"action,crime,thriller",2025,john wick 5,Indo_Lama,Indo
Mad Max Wasteland,"action,sci-fi,adventure",2025,mad max wasteland,Indo_Lama,Indo
Avengers Secret Wars,"action,fantasy,sci-fi",2025,avengers secret wars,Indo_Lama,Indo
Gladiator 2,"action,drama,history",2025,gladiator 2,Indo_Lama,Indo
The Night Comes Again,"action,crime,drama",2025,the night comes again,Indo_Lama,English
Mean Girls 2,"comedy,drama,romance",2025,mean girls 2,Indo_Lama,Indo
Ghostbusters Reboot,"comedy,fantasy,action",2025,ghostbusters reboot,Indo_Lama,Indo
Ted 3,"comedy,fantasy,adult",2025,ted 3,Indo_Lama,Indo
Johnny English 4,"comedy,action,spy",2025,johnny english 4,Indo_Lama,Indo
Rush Hour 4,"comedy,action,crime",2025,rush hour 4,Indo_Lama,Indo
Deadpool 3,"comedy,action,superhero",2025,deadpool 3,Indo_Lama,Indo
The Hangover 4,"comedy,adult,drama",2025,the hangover 4,Indo_Lama,English
Get Smart Again,"comedy,action,spy",2025,get smart again,Indo_Lama,Indo
Warkop DKI Reborn 5,"comedy,drama,family",2025,warkop dki reborn 5,Indo_Lama,Indo
The Diplomat,"drama,thriller,politics",2025,the diplomat,Indo_Lama,English
Bumi Manusia 2,"drama,romance,history",2025,bumi manusia 2,Indo_Lama,Indo
Joker 2,"drama,crime,thriller",2025,joker 2,Indo_Lama,Indo
The Whale Returns,"drama,family,life",2025,the whale returns,Indo_Lama,English
Forrest Gump 2,"drama,romance,life",2025,forrest gump 2,Indo_Lama,Indo
The Pursuit Continues,"drama,family,biography",2025,the pursuit continues,Indo_Lama,English
Habibie Ainun 4,"drama,romance,history",2025,habibie ainun 4,Indo_Lama,Indo
A Man Called Otto 2,"drama,comedy,life",2025,a man called otto 2,Indo_Lama,English
The Social Network 2,"drama,biography,technology",2025,the social network 2,Indo_Lama,English
The Conjuring 4,"horror,supernatural,thriller",2025,the conjuring 4,Indo_Lama,English
Insidious 6,"horror,thriller,mystery",2025,insidious 6,Indo_Lama,English
Pengabdi Setan 3,"horror,drama,mystery",2025,pengabdi setan 3,Indo_Lama,Indo
A Quiet Place 3,"horror,sci-fi,drama",2025,a quiet place 3,Indo_Lama,English
Final Destination 6,"horror,thriller,supernatural",2025,final destination 6,Indo_Lama,English
The Nun 3,"horror,supernatural,thriller",2025,the nun 3,Indo_Lama,English
IT Chapter 3,"horror,drama,fantasy",2025,it chapter 3,Indo_Lama,English
Train to Busan 3,"horror,action,drama",2025,train to busan 3,Indo_Lama,English
The Exorcist 2,"horror,supernatural,drama",2025,the exorcist 2,Indo_Lama,English
Smile 2,"horror,thriller,mystery",2025,smile 2,Indo_Lama,Indo
Love Again 2,"romance,drama,comedy",2025,love again 2,Indo_Lama,Indo
Before Sunset 3,"romance,drama,life",2025,before sunset 3,Indo_Lama,Indo
Dilan 1993,"romance,drama,teen",2025,dilan 1993,Indo_Lama,Indo
The Notebook 2,"romance,drama,family",2025,the notebook 2,Indo_Lama,English
Marry My Husband,"romance,fantasy,drama",2025,marry my husband,Indo_Lama,Indo
La La Land 2,"romance,drama,music",2025,la la land 2,Indo_Lama,Indo
Me Before You 2,"romance,drama,life",2025,me before you 2,Indo_Lama,Indo
Wedding Agreement 3,"romance,drama,religion",2025,wedding agreement 3,Indo_Lama,Indo
Crazy Rich Asians 2,"romance,comedy,drama",2025,crazy rich asians 2,Indo_Lama,Indo
Spider-Man: Brand New Day,"action,adventure,superhero",2026,spiderman brand new day,Indo_Lama,Indo
The Devil Wears Prada 2,"comedy,drama,fashion",2026,the devil wears prada 2,Indo_Lama,English
Dune: Part Three,"sci-fi,adventure,drama",2026,dune part three,Indo_Lama,English
Avengers: Doomsday,"action,sci-fi,superhero",2026,avengers doomsday,Indo_Lama,Indo
Evil Dead Burn,"horror,thriller,mystery",2026,evil dead burn,Indo_Lama,Indo
Coyote vs. Acme,"comedy,family,animation",2026,coyote vs acme,Indo_Lama,Indo
Street Fighter,"action,adventure,fighting",2026,street fighter,Indo_Lama,Indo
Weapons,"horror,thriller,mystery",2026,weapons,Indo_Lama,Indo
Practical Magic 2,"fantasy,romance,drama",2026,practical magic 2,Indo_Lama,Indo
The Strangers: Chapter Final,"horror,thriller",2026,the strangers chapter final,Indo_Lama,English
The End of Oak Street,"sci-fi,adventure,drama",2026,the end of oak street,Indo_Lama,English
Mutiny,"action,thriller,crime",2026,mutiny,Indo_Lama,Indo
Insidious: Out of the Further,"horror,thriller",2026,insidious out of the further,Indo_Lama,English
PAW Patrol: The Dino Movie,"animation,family,adventure",2026,paw patrol the dino movie,Indo_Lama,English
One Night Only,"romance,comedy,drama",2026,one night only,Indo_Lama,English
Danur: The Last Chapter,"horror,mystery,supernatural",2026,danur the last chapter,Indo_Lama,English
Ghost in the Cell,"thriller,crime,mystery",2026,ghost in the cell,Indo_Lama,English
Jangan Buang Ibu,"drama,family,emotion",2026,jangan buang ibu,Indo_Lama,Indo
Tunggu Aku Sukses Nanti,"drama,life,romance",2026,tunggu aku sukses nanti,Indo_Lama,Indo
Alas Roban,"horror,thriller,folklore",2026,alas roban,Indo_Lama,Indo
Sekawan Limo 2: Gunung Klawih,"horror,adventure,comedy",2026,sekawan limo 2 gunung klawih,Indo_Lama,Indo
"Ayah, Ini Arahnya ke Mana, Ya?","drama,family,life",2026,ayah ini arahnya ke mana ya,Indo_Lama,Indo
Tumbal Proyek,"horror,thriller,mystery",2026,tumbal proyek,Indo_Lama,Indo
Suzzanna: Santet Dosa di Atas Dosa,"horror,supernatural,thriller",2026,suzzanna santet dosa di atas dosa,Indo_Lama,Indo
Monster Pabrik Rambut,"horror,thriller,drama",2026,monster pabrik rambut,Indo_Lama,Indo
Nobody Loves Kay,"drama,romance,life",2026,nobody loves kay,Indo_Lama,Indo
Warkop DKI: Viralin Doooong!!,"comedy,drama,family",2026,warkop dki viralin doooong,Indo_Lama,Indo
Kucing Hitam,"horror,mystery,thriller",2026,kucing hitam,Indo_Lama,Indo
Dosa: Penebusan atau Pengampunan,"drama,religion,life",2026,dosa penebusan atau pengampunan,Indo_Lama,Indo
Garuda di Dadaku (Reboot),"drama,sport,family",2026,garuda di dadaku reboot,Indo_Lama,Indo
Miracle in Cell No. 7,"drama, family",2022,miracle in cell no 7,Indo_Baru,English
Jalan yang Jauh Jangan Lupa Pulang,drama,2023,jalan yang jauh jangan lupa pulang,Indo_Baru,Indo
Dear David,"drama, romance",2023,dear david,Indo_Baru,Indo
Sayap-Sayap Patah,"drama, romance, action",2022,sayapsayap patah,Indo_Baru,Indo
Ku Kira Kau Rumah,"drama, romance",2022,ku kira kau rumah,Indo_Baru,Indo
172 Days,"drama, romance",2023,172 days,Indo_Baru,Indo
1 Kakak 7 Ponakan,"drama, family",2025,1 kakak 7 ponakan,Indo_Baru,Indo
Cahaya Dari Timur: Beta Maluku,"drama, sports",2014,cahaya dari timur beta maluku,Indo_Baru,Indo
Ancika: Dia yang Bersamamu 1995,"romance, drama",2024,ancika dia yang bersamamu 1995,Indo_Baru,Indo
Ipar Adalah Maut,"romance, drama",2024,ipar adalah maut,Indo_Baru,Indo
The Architecture of Love (TAOL),"romance, drama",2024,the architecture of love taol,Indo_Baru,English
Ada Apa Dengan Cinta 2,"romance, drama",2016,ada apa dengan cinta 2,Indo_Baru,Indo
Akhirat: A Love Story,"romance, fantasy",2021,akhirat a love story,Indo_Baru,English
Jatuh Cinta Seperti di Film-Film,"romance, comedy, drama",2023,jatuh cinta seperti di filmfilm,Indo_Baru,Indo
Tenggelamnya Kapal Van der Wijck,"romance, drama",2013,tenggelamnya kapal van der wijck,Indo_Baru,Indo
Bismillah Kunikahi Suamimu,"romance, drama",2023,bismillah kunikahi suamimu,Indo_Baru,Indo
Kang Mak (From Pee Mak),"comedy, horror, romance",2024,kang mak from pee mak,Indo_Baru,Indo
"Imperfect: Karier, Cinta & Timbangan","comedy, drama, romance",2019,imperfect karier cinta  timbangan,Indo_Baru,Indo
Gara-Gara Warisan,"comedy, drama",2022,garagara warisan,Indo_Baru,Indo
Onde Mande!,"comedy, drama",2023,onde mande,Indo_Baru,Indo
Vina: Sebelum 7 Hari,"horror, crime",2024,vina sebelum 7 hari,Indo_Baru,Indo
Perempuan Tanah Jahanam,"horror, thriller",2019,perempuan tanah jahanam,Indo_Baru,Indo
Pemukiman Setan,"horror, action",2024,pemukiman setan,Indo_Baru,Indo
Mencuri Raden Saleh,"action, crime",2022,mencuri raden saleh,Indo_Baru,Indo
Wiro Sableng,"action, comedy",2018,wiro sableng,Indo_Baru,Indo
Foxtrot Six,"action, sci-fi",2019,foxtrot six,Indo_Baru,Indo
Tarung Sarung,"action, drama",2020,tarung sarung,Indo_Baru,Indo
Ben & Jody,"action, drama",2022,ben  jody,Indo_Baru,Indo
Satria Dewa: Gatotkaca,"action, sci-fi",2022,satria dewa gatotkaca,Indo_Baru,Indo
Marlina si Pembunuh dalam Empat Babak,"thriller, action",2017,marlina si pembunuh dalam empat babak,Indo_Baru,Indo
